Date,Region,Type,Value,Lat,Lon
2026-09-10,CAN,sales_revenue,738.4399999999999,,
2026-09-10,CAN,sales_units,12.0,,
2026-09-10,UK,sales_revenue,81.18,,
2026-09-10,UK,sales_units,2.0,,
2026-09-10,US,sales_revenue,11114.039999999999,,
2026-09-10,US,sales_units,180.0,,
2026-09-11,CAN,sales_revenue,187.56,,
2026-09-11,CAN,sales_units,3.0,,
2026-09-11,UK,sales_revenue,168.95,,
2026-09-11,UK,sales_units,2.0,,
2026-09-11,US,sales_revenue,13612.4,,
2026-09-11,US,sales_units,274.0,,
2026-09-12,CAN,sales_revenue,161.97,,
2026-09-12,CAN,sales_units,3.0,,
2026-09-12,UK,sales_revenue,243.51,,
2026-09-12,UK,sales_units,3.0,,
2026-09-12,US,sales_revenue,14552.539999999999,,
2026-09-12,US,sales_units,224.0,,
2026-09-13,CAN,sales_revenue,410.98,,
2026-09-13,CAN,sales_units,7.0,,
2026-09-13,UK,sales_revenue,94.68,,
2026-09-13,UK,sales_units,1.0,,
2026-09-13,US,sales_revenue,24035.25,,
2026-09-13,US,sales_units,364.0,,
2026-09-14,CAN,sales_revenue,235.76999999999998,,
2026-09-14,CAN,sales_units,4.0,,
2026-09-14,UK,sales_revenue,156.76999999999998,,
2026-09-14,UK,sales_units,2.0,,
2026-09-14,US,sales_revenue,11066.99,,
2026-09-14,US,sales_units,172.0,,
2026-09-15,CAN,sales_revenue,190.28,,
2026-09-15,CAN,sales_units,3.0,,
2026-09-15,UK,sales_revenue,94.36,,
2026-09-15,UK,sales_units,1.0,,
2026-09-15,US,sales_revenue,7305.33,,
2026-09-15,US,sales_units,1063.0,,
2026-09-16,CAN,suggested_strategy,Baseline,51.0501,-114.0853
2026-09-16,CAN,suggested_strategy,Baseline,53.5501,-113.4687
2026-09-16,CAN,suggested_strategy,Baseline,53.6334,-113.6353
2026-09-16,CAN,suggested_strategy,Baseline,52.8348,-110.8534
2026-09-16,CAN,suggested_strategy,Baseline,54.7502,-113.5688
2026-09-16,CAN,suggested_strategy,Baseline,49.2497,-123.1193
2026-09-16,CAN,suggested_strategy,Baseline,48.4359,-123.3516
2026-09-16,CAN,suggested_strategy,Baseline,49.1063,-122.8251
2026-09-16,CAN,suggested_strategy,Baseline,49.2664,-122.9526
2026-09-16,CAN,suggested_strategy,Baseline,49.3164,-123.0693
2026-09-16,CAN,suggested_strategy,Baseline,49.8753,-97.409
2026-09-16,CAN,suggested_strategy,Baseline,49.8844,-97.147
2026-09-16,CAN,suggested_strategy,Baseline,49.8469,-99.9531
2026-09-16,CAN,suggested_strategy,Baseline,49.5258,-96.6845
2026-09-16,CAN,suggested_strategy,Baseline,55.7435,-97.8558
2026-09-16,CAN,suggested_strategy,Baseline,46.0945,-64.7965
2026-09-16,CAN,suggested_strategy,Baseline,45.2708,-66.0562
2026-09-16,CAN,suggested_strategy,Baseline,45.9454,-66.6656
2026-09-16,CAN,suggested_strategy,Baseline,46.0784,-64.6873
2026-09-16,CAN,suggested_strategy,Baseline,47.029,-65.5019
2026-09-16,CAN,suggested_strategy,Scale Umbrellas,47.5649,-52.7093
2026-09-16,CAN,suggested_strategy,Scale Umbrellas,47.5166,-52.7814
2026-09-16,CAN,suggested_strategy,Baseline,48.95,-57.952
2026-09-16,CAN,suggested_strategy,Baseline,44.6427,-63.5769
2026-09-16,CAN,suggested_strategy,Baseline,44.6713,-63.5772
2026-09-16,CAN,suggested_strategy,Baseline,46.1351,-60.1831
2026-09-16,CAN,suggested_strategy,Baseline,45.3668,-63.2654
2026-09-16,CAN,suggested_strategy,Baseline,45.5834,-62.6486
2026-09-16,CAN,suggested_strategy,Baseline,62.4541,-114.3725
2026-09-16,CAN,suggested_strategy,Baseline,60.8156,-115.7999
2026-09-16,CAN,suggested_strategy,Baseline,68.3617,-133.7282
2026-09-16,CAN,suggested_strategy,Baseline,60.0044,-111.8887
2026-09-16,CAN,suggested_strategy,Baseline,62.8025,-116.0464
2026-09-16,CAN,suggested_strategy,Baseline,63.747,-68.5173
2026-09-16,CAN,suggested_strategy,Baseline,62.8091,-92.0853
2026-09-16,CAN,suggested_strategy,Baseline,61.1088,-94.0585
2026-09-16,CAN,suggested_strategy,Baseline,64.3201,-96.0212
2026-09-16,CAN,suggested_strategy,Baseline,69.1149,-105.0548
2026-09-16,CAN,suggested_strategy,Baseline,43.7064,-79.3986
2026-09-16,CAN,suggested_strategy,Baseline,45.4112,-75.6981
2026-09-16,CAN,suggested_strategy,Baseline,44.2298,-76.481
2026-09-16,CAN,suggested_strategy,Baseline,43.5459,-80.256
2026-09-16,CAN,suggested_strategy,Baseline,43.8668,-79.2663
2026-09-16,CAN,suggested_strategy,Baseline,46.2346,-63.1256
2026-09-16,CAN,suggested_strategy,Baseline,46.3912,-63.7887
2026-09-16,CAN,suggested_strategy,Baseline,46.2265,-63.2181
2026-09-16,CAN,suggested_strategy,Baseline,46.1668,-62.6487
2026-09-16,CAN,suggested_strategy,Baseline,45.5088,-73.5878
2026-09-16,CAN,suggested_strategy,Baseline,45.4473,-73.7533
2026-09-16,CAN,suggested_strategy,Baseline,45.6668,-73.8825
2026-09-16,CAN,suggested_strategy,Baseline,45.4501,-73.4658
2026-09-16,CAN,suggested_strategy,Baseline,45.4654,-73.6659
2026-09-16,CAN,suggested_strategy,Baseline,52.1324,-106.6689
2026-09-16,CAN,suggested_strategy,Baseline,49.8001,-104.1678
2026-09-16,CAN,suggested_strategy,Baseline,50.4501,-104.6178
2026-09-16,CAN,suggested_strategy,Baseline,53.2001,-105.7677
2026-09-16,CAN,suggested_strategy,Baseline,50.4001,-105.5345
2026-09-16,CAN,suggested_strategy,Baseline,60.7161,-135.0538
2026-09-16,CAN,suggested_strategy,Baseline,64.0601,-139.4333
2026-09-16,CAN,suggested_strategy,Baseline,60.0635,-128.7089
2026-09-16,CAN,suggested_strategy,Baseline,60.7522,-137.5108
2026-09-16,CAN,suggested_strategy,Baseline,63.5927,-135.8998
2026-09-16,CAN,suggested_strategy,Baseline,48.9332,-55.6649
2026-09-16,CAN,suggested_strategy,Scale Umbrellas,47.5333,-52.9667
2026-09-16,CAN,suggested_strategy,Baseline,46.2153,-63.0866
2026-09-16,CAN,weather_rain,0.0,51.0501,-114.0853
2026-09-16,CAN,weather_rain,0.0,53.5501,-113.4687
2026-09-16,CAN,weather_rain,0.0,53.6334,-113.6353
2026-09-16,CAN,weather_rain,0.0,52.8348,-110.8534
2026-09-16,CAN,weather_rain,0.0,54.7502,-113.5688
2026-09-16,CAN,weather_rain,0.0,49.2497,-123.1193
2026-09-16,CAN,weather_rain,0.0,48.4359,-123.3516
2026-09-16,CAN,weather_rain,0.0,49.1063,-122.8251
2026-09-16,CAN,weather_rain,0.0,49.2664,-122.9526
2026-09-16,CAN,weather_rain,0.0,49.3164,-123.0693
2026-09-16,CAN,weather_rain,0.098,49.8753,-97.409
2026-09-16,CAN,weather_rain,0.043,49.8844,-97.147
2026-09-16,CAN,weather_rain,0.087,49.8469,-99.9531
2026-09-16,CAN,weather_rain,0.059,49.5258,-96.6845
2026-09-16,CAN,weather_rain,0.102,55.7435,-97.8558
2026-09-16,CAN,weather_rain,0.0,46.0945,-64.7965
2026-09-16,CAN,weather_rain,0.0,45.2708,-66.0562
2026-09-16,CAN,weather_rain,0.055,45.9454,-66.6656
2026-09-16,CAN,weather_rain,0.0,46.0784,-64.6873
2026-09-16,CAN,weather_rain,0.0,47.029,-65.5019
2026-09-16,CAN,weather_rain,1.008,47.5649,-52.7093
2026-09-16,CAN,weather_rain,0.972,47.5166,-52.7814
2026-09-16,CAN,weather_rain,0.0,48.95,-57.952
2026-09-16,CAN,weather_rain,0.0,44.6427,-63.5769
2026-09-16,CAN,weather_rain,0.0,44.6713,-63.5772
2026-09-16,CAN,weather_rain,0.0,46.1351,-60.1831
2026-09-16,CAN,weather_rain,0.0,45.3668,-63.2654
2026-09-16,CAN,weather_rain,0.0,45.5834,-62.6486
2026-09-16,CAN,weather_rain,0.11,62.4541,-114.3725
2026-09-16,CAN,weather_rain,0.016,60.8156,-115.7999
2026-09-16,CAN,weather_rain,0.079,68.3617,-133.7282
2026-09-16,CAN,weather_rain,0.0,60.0044,-111.8887
2026-09-16,CAN,weather_rain,0.0,62.8025,-116.0464
2026-09-16,CAN,weather_rain,0.0,63.747,-68.5173
2026-09-16,CAN,weather_rain,0.0,62.8091,-92.0853
2026-09-16,CAN,weather_rain,0.0,61.1088,-94.0585
2026-09-16,CAN,weather_rain,0.0,64.3201,-96.0212
2026-09-16,CAN,weather_rain,0.0,69.1149,-105.0548
2026-09-16,CAN,weather_rain,0.0,43.7064,-79.3986
2026-09-16,CAN,weather_rain,0.0,45.4112,-75.6981
2026-09-16,CAN,weather_rain,0.0,44.2298,-76.481
2026-09-16,CAN,weather_rain,0.0,43.5459,-80.256
2026-09-16,CAN,weather_rain,0.0,43.8668,-79.2663
2026-09-16,CAN,weather_rain,0.0,46.2346,-63.1256
2026-09-16,CAN,weather_rain,0.0,46.3912,-63.7887
2026-09-16,CAN,weather_rain,0.0,46.2265,-63.2181
2026-09-16,CAN,weather_rain,0.0,46.1668,-62.6487
2026-09-16,CAN,weather_rain,0.0,45.5088,-73.5878
2026-09-16,CAN,weather_rain,0.0,45.4473,-73.7533
2026-09-16,CAN,weather_rain,0.0,45.6668,-73.8825
2026-09-16,CAN,weather_rain,0.0,45.4501,-73.4658
2026-09-16,CAN,weather_rain,0.0,45.4654,-73.6659
2026-09-16,CAN,weather_rain,0.0,52.1324,-106.6689
2026-09-16,CAN,weather_rain,0.028,49.8001,-104.1678
2026-09-16,CAN,weather_rain,0.185,50.4501,-104.6178
2026-09-16,CAN,weather_rain,0.083,53.2001,-105.7677
2026-09-16,CAN,weather_rain,0.028,50.4001,-105.5345
2026-09-16,CAN,weather_rain,0.0,60.7161,-135.0538
2026-09-16,CAN,weather_rain,0.106,64.0601,-139.4333
2026-09-16,CAN,weather_rain,0.0,60.0635,-128.7089
2026-09-16,CAN,weather_rain,0.024,60.7522,-137.5108
2026-09-16,CAN,weather_rain,0.138,63.5927,-135.8998
2026-09-16,CAN,weather_rain,0.012,48.9332,-55.6649
2026-09-16,CAN,weather_rain,0.756,47.5333,-52.9667
2026-09-16,CAN,weather_rain,0.0,46.2153,-63.0866
2026-09-16,CAN,weather_uv,5.1,51.0501,-114.0853
2026-09-16,CAN,weather_uv,4.6,53.5501,-113.4687
2026-09-16,CAN,weather_uv,4.6,53.6334,-113.6353
2026-09-16,CAN,weather_uv,4.65,52.8348,-110.8534
2026-09-16,CAN,weather_uv,4.4,54.7502,-113.5688
2026-09-16,CAN,weather_uv,5.05,49.2497,-123.1193
2026-09-16,CAN,weather_uv,5.1,48.4359,-123.3516
2026-09-16,CAN,weather_uv,5.05,49.1063,-122.8251
2026-09-16,CAN,weather_uv,5.0,49.2664,-122.9526
2026-09-16,CAN,weather_uv,5.05,49.3164,-123.0693
2026-09-16,CAN,weather_uv,3.5,49.8753,-97.409
2026-09-16,CAN,weather_uv,3.65,49.8844,-97.147
2026-09-16,CAN,weather_uv,2.55,49.8469,-99.9531
2026-09-16,CAN,weather_uv,0.0,49.5258,-96.6845
2026-09-16,CAN,weather_uv,0.0,55.7435,-97.8558
2026-09-16,CAN,weather_uv,0.0,46.0945,-64.7965
2026-09-16,CAN,weather_uv,0.0,45.2708,-66.0562
2026-09-16,CAN,weather_uv,0.0,45.9454,-66.6656
2026-09-16,CAN,weather_uv,0.0,46.0784,-64.6873
2026-09-16,CAN,weather_uv,0.0,47.029,-65.5019
2026-09-16,CAN,weather_uv,0.0,47.5649,-52.7093
2026-09-16,CAN,weather_uv,0.0,47.5166,-52.7814
2026-09-16,CAN,weather_uv,0.0,48.95,-57.952
2026-09-16,CAN,weather_uv,0.0,44.6427,-63.5769
2026-09-16,CAN,weather_uv,0.0,44.6713,-63.5772
2026-09-16,CAN,weather_uv,0.0,46.1351,-60.1831
2026-09-16,CAN,weather_uv,0.0,45.3668,-63.2654
2026-09-16,CAN,weather_uv,0.0,45.5834,-62.6486
2026-09-16,CAN,weather_uv,0.0,62.4541,-114.3725
2026-09-16,CAN,weather_uv,0.0,60.8156,-115.7999
2026-09-16,CAN,weather_uv,0.0,68.3617,-133.7282
2026-09-16,CAN,weather_uv,3.4,60.0044,-111.8887
2026-09-16,CAN,weather_uv,3.0,62.8025,-116.0464
2026-09-16,CAN,weather_uv,2.15,63.747,-68.5173
2026-09-16,CAN,weather_uv,2.85,62.8091,-92.0853
2026-09-16,CAN,weather_uv,2.65,61.1088,-94.0585
2026-09-16,CAN,weather_uv,2.0,64.3201,-96.0212
2026-09-16,CAN,weather_uv,1.55,69.1149,-105.0548
2026-09-16,CAN,weather_uv,5.05,43.7064,-79.3986
2026-09-16,CAN,weather_uv,5.3,45.4112,-75.6981
2026-09-16,CAN,weather_uv,4.4,44.2298,-76.481
2026-09-16,CAN,weather_uv,3.5,43.5459,-80.256
2026-09-16,CAN,weather_uv,4.75,43.8668,-79.2663
2026-09-16,CAN,weather_uv,5.15,46.2346,-63.1256
2026-09-16,CAN,weather_uv,5.5,46.3912,-63.7887
2026-09-16,CAN,weather_uv,5.15,46.2265,-63.2181
2026-09-16,CAN,weather_uv,5.25,46.1668,-62.6487
2026-09-16,CAN,weather_uv,5.35,45.5088,-73.5878
2026-09-16,CAN,weather_uv,5.35,45.4473,-73.7533
2026-09-16,CAN,weather_uv,5.05,45.6668,-73.8825
2026-09-16,CAN,weather_uv,5.35,45.4501,-73.4658
2026-09-16,CAN,weather_uv,5.35,45.4654,-73.6659
2026-09-16,CAN,weather_uv,4.5,52.1324,-106.6689
2026-09-16,CAN,weather_uv,3.0,49.8001,-104.1678
2026-09-16,CAN,weather_uv,3.2,50.4501,-104.6178
2026-09-16,CAN,weather_uv,4.35,53.2001,-105.7677
2026-09-16,CAN,weather_uv,4.3,50.4001,-105.5345
2026-09-16,CAN,weather_uv,2.6,60.7161,-135.0538
2026-09-16,CAN,weather_uv,1.5,64.0601,-139.4333
2026-09-16,CAN,weather_uv,2.9,60.0635,-128.7089
2026-09-16,CAN,weather_uv,2.3,60.7522,-137.5108
2026-09-16,CAN,weather_uv,1.55,63.5927,-135.8998
2026-09-16,CAN,weather_uv,5.05,48.9332,-55.6649
2026-09-16,CAN,weather_uv,0.85,47.5333,-52.9667
2026-09-16,CAN,weather_uv,5.15,46.2153,-63.0866
2026-09-16,CAN,weather_yesterday_rain,0.291,51.0501,-114.0853
2026-09-16,CAN,weather_yesterday_rain,0.0,53.5501,-113.4687
2026-09-16,CAN,weather_yesterday_rain,0.0,53.6334,-113.6353
2026-09-16,CAN,weather_yesterday_rain,0.0,52.8348,-110.8534
2026-09-16,CAN,weather_yesterday_rain,0.004,54.7502,-113.5688
2026-09-16,CAN,weather_yesterday_rain,0.004,49.2497,-123.1193
2026-09-16,CAN,weather_yesterday_rain,0.012,48.4359,-123.3516
2026-09-16,CAN,weather_yesterday_rain,0.0,49.1063,-122.8251
2026-09-16,CAN,weather_yesterday_rain,0.0,49.2664,-122.9526
2026-09-16,CAN,weather_yesterday_rain,0.028,49.3164,-123.0693
2026-09-16,CAN,weather_yesterday_rain,0.213,49.8753,-97.409
2026-09-16,CAN,weather_yesterday_rain,0.189,49.8844,-97.147
2026-09-16,CAN,weather_yesterday_rain,0.043,49.8469,-99.9531
2026-09-16,CAN,weather_yesterday_rain,0.205,49.5258,-96.6845
2026-09-16,CAN,weather_yesterday_rain,0.35,55.7435,-97.8558
2026-09-16,CAN,weather_yesterday_rain,0.0,46.0945,-64.7965
2026-09-16,CAN,weather_yesterday_rain,0.0,45.2708,-66.0562
2026-09-16,CAN,weather_yesterday_rain,0.0,45.9454,-66.6656
2026-09-16,CAN,weather_yesterday_rain,0.0,46.0784,-64.6873
2026-09-16,CAN,weather_yesterday_rain,0.0,47.029,-65.5019
2026-09-16,CAN,weather_yesterday_rain,0.146,47.5649,-52.7093
2026-09-16,CAN,weather_yesterday_rain,0.157,47.5166,-52.7814
2026-09-16,CAN,weather_yesterday_rain,0.051,48.95,-57.952
2026-09-16,CAN,weather_yesterday_rain,0.0,44.6427,-63.5769
2026-09-16,CAN,weather_yesterday_rain,0.0,44.6713,-63.5772
2026-09-16,CAN,weather_yesterday_rain,0.02,46.1351,-60.1831
2026-09-16,CAN,weather_yesterday_rain,0.0,45.3668,-63.2654
2026-09-16,CAN,weather_yesterday_rain,0.035,45.5834,-62.6486
2026-09-16,CAN,weather_yesterday_rain,0.028,62.4541,-114.3725
2026-09-16,CAN,weather_yesterday_rain,0.016,60.8156,-115.7999
2026-09-16,CAN,weather_yesterday_rain,0.024,68.3617,-133.7282
2026-09-16,CAN,weather_yesterday_rain,0.063,60.0044,-111.8887
2026-09-16,CAN,weather_yesterday_rain,0.031,62.8025,-116.0464
2026-09-16,CAN,weather_yesterday_rain,0.004,63.747,-68.5173
2026-09-16,CAN,weather_yesterday_rain,0.0,62.8091,-92.0853
2026-09-16,CAN,weather_yesterday_rain,0.0,61.1088,-94.0585
2026-09-16,CAN,weather_yesterday_rain,0.0,64.3201,-96.0212
2026-09-16,CAN,weather_yesterday_rain,0.071,69.1149,-105.0548
2026-09-16,CAN,weather_yesterday_rain,0.008,43.7064,-79.3986
2026-09-16,CAN,weather_yesterday_rain,0.008,45.4112,-75.6981
2026-09-16,CAN,weather_yesterday_rain,0.004,44.2298,-76.481
2026-09-16,CAN,weather_yesterday_rain,0.012,43.5459,-80.256
2026-09-16,CAN,weather_yesterday_rain,0.012,43.8668,-79.2663
2026-09-16,CAN,weather_yesterday_rain,0.004,46.2346,-63.1256
2026-09-16,CAN,weather_yesterday_rain,0.0,46.3912,-63.7887
2026-09-16,CAN,weather_yesterday_rain,0.004,46.2265,-63.2181
2026-09-16,CAN,weather_yesterday_rain,0.008,46.1668,-62.6487
2026-09-16,CAN,weather_yesterday_rain,0.012,45.5088,-73.5878
2026-09-16,CAN,weather_yesterday_rain,0.004,45.4473,-73.7533
2026-09-16,CAN,weather_yesterday_rain,0.008,45.6668,-73.8825
2026-09-16,CAN,weather_yesterday_rain,0.004,45.4501,-73.4658
2026-09-16,CAN,weather_yesterday_rain,0.004,45.4654,-73.6659
2026-09-16,CAN,weather_yesterday_rain,0.028,52.1324,-106.6689
2026-09-16,CAN,weather_yesterday_rain,0.161,49.8001,-104.1678
2026-09-16,CAN,weather_yesterday_rain,0.311,50.4501,-104.6178
2026-09-16,CAN,weather_yesterday_rain,0.008,53.2001,-105.7677
2026-09-16,CAN,weather_yesterday_rain,0.252,50.4001,-105.5345
2026-09-16,CAN,weather_yesterday_rain,0.0,60.7161,-135.0538
2026-09-16,CAN,weather_yesterday_rain,0.043,64.0601,-139.4333
2026-09-16,CAN,weather_yesterday_rain,0.0,60.0635,-128.7089
2026-09-16,CAN,weather_yesterday_rain,0.0,60.7522,-137.5108
2026-09-16,CAN,weather_yesterday_rain,0.0,63.5927,-135.8998
2026-09-16,CAN,weather_yesterday_rain,0.0,48.9332,-55.6649
2026-09-16,CAN,weather_yesterday_rain,0.083,47.5333,-52.9667
2026-09-16,CAN,weather_yesterday_rain,0.004,46.2153,-63.0866
2026-09-16,UK,suggested_strategy,Baseline,51.5085,-0.1257
2026-09-16,UK,suggested_strategy,Baseline,51.4552,-2.5966
2026-09-16,UK,suggested_strategy,Baseline,53.383,-1.4659
2026-09-16,UK,suggested_strategy,Baseline,51.558,-1.7812
2026-09-16,UK,suggested_strategy,Baseline,52.4814,-1.8998
2026-09-16,UK,suggested_strategy,Baseline,50.8284,-0.1395
2026-09-16,UK,suggested_strategy,Baseline,50.8309,-0.1672
2026-09-16,UK,suggested_strategy,Baseline,53.4809,-2.2374
2026-09-16,UK,suggested_strategy,Scale Umbrellas,55.8651,-4.2576
2026-09-16,UK,suggested_strategy,Baseline,55.9521,-3.1965
2026-09-16,UK,suggested_strategy,Baseline,57.1437,-2.0981
2026-09-16,UK,suggested_strategy,Baseline,56.0716,-3.4589
2026-09-16,UK,suggested_strategy,Baseline,57.0755,-2.7802
2026-09-16,UK,suggested_strategy,Scale Umbrellas,55.8844,-3.3397
2026-09-16,UK,suggested_strategy,Baseline,57.0517,-2.4882
2026-09-16,UK,suggested_strategy,Scale Umbrellas,55.7992,-4.3929
2026-09-16,UK,suggested_strategy,Scale Umbrellas,51.48,-3.18
2026-09-16,UK,suggested_strategy,Baseline,51.7144,-3.4492
2026-09-16,UK,suggested_strategy,Baseline,51.8514,-4.8806
2026-09-16,UK,suggested_strategy,Baseline,51.6545,-3.0228
2026-09-16,UK,suggested_strategy,Scale Umbrellas,52.4498,-3.54
2026-09-16,UK,suggested_strategy,Baseline,51.7479,-3.3778
2026-09-16,UK,suggested_strategy,Baseline,51.5924,-3.7802
2026-09-16,UK,suggested_strategy,Baseline,54.1784,-6.3374
2026-09-16,UK,suggested_strategy,Baseline,54.5968,-5.9254
2026-09-16,UK,suggested_strategy,Baseline,54.4471,-6.387
2026-09-16,UK,suggested_strategy,Baseline,54.3667,-6.0167
2026-09-16,UK,suggested_strategy,Baseline,54.9981,-7.3093
2026-09-16,UK,suggested_strategy,Baseline,54.5234,-6.0353
2026-09-16,UK,suggested_strategy,Baseline,54.6608,-5.668
2026-09-16,UK,suggested_strategy,Baseline,51.6214,-3.9436
2026-09-16,UK,weather_rain,0.067,51.5085,-0.1257
2026-09-16,UK,weather_rain,0.177,51.4552,-2.5966
2026-09-16,UK,weather_rain,0.063,53.383,-1.4659
2026-09-16,UK,weather_rain,0.071,51.558,-1.7812
2026-09-16,UK,weather_rain,0.091,52.4814,-1.8998
2026-09-16,UK,weather_rain,0.083,50.8284,-0.1395
2026-09-16,UK,weather_rain,0.071,50.8309,-0.1672
2026-09-16,UK,weather_rain,0.083,53.4809,-2.2374
2026-09-16,UK,weather_rain,0.358,55.8651,-4.2576
2026-09-16,UK,weather_rain,0.094,55.9521,-3.1965
2026-09-16,UK,weather_rain,0.063,57.1437,-2.0981
2026-09-16,UK,weather_rain,0.106,56.0716,-3.4589
2026-09-16,UK,weather_rain,0.028,57.0755,-2.7802
2026-09-16,UK,weather_rain,0.22,55.8844,-3.3397
2026-09-16,UK,weather_rain,0.035,57.0517,-2.4882
2026-09-16,UK,weather_rain,0.555,55.7992,-4.3929
2026-09-16,UK,weather_rain,0.398,51.48,-3.18
2026-09-16,UK,weather_rain,0.193,51.7144,-3.4492
2026-09-16,UK,weather_rain,0.043,51.8514,-4.8806
2026-09-16,UK,weather_rain,0.067,51.6545,-3.0228
2026-09-16,UK,weather_rain,0.268,52.4498,-3.54
2026-09-16,UK,weather_rain,0.177,51.7479,-3.3778
2026-09-16,UK,weather_rain,0.106,51.5924,-3.7802
2026-09-16,UK,weather_rain,0.055,54.1784,-6.3374
2026-09-16,UK,weather_rain,0.043,54.5968,-5.9254
2026-09-16,UK,weather_rain,0.11,54.4471,-6.387
2026-09-16,UK,weather_rain,0.067,54.3667,-6.0167
2026-09-16,UK,weather_rain,0.118,54.9981,-7.3093
2026-09-16,UK,weather_rain,0.091,54.5234,-6.0353
2026-09-16,UK,weather_rain,0.087,54.6608,-5.668
2026-09-16,UK,weather_rain,0.098,51.6214,-3.9436
2026-09-16,UK,weather_uv,2.4,51.5085,-0.1257
2026-09-16,UK,weather_uv,2.2,51.4552,-2.5966
2026-09-16,UK,weather_uv,2.25,53.383,-1.4659
2026-09-16,UK,weather_uv,2.75,51.558,-1.7812
2026-09-16,UK,weather_uv,2.3,52.4814,-1.8998
2026-09-16,UK,weather_uv,2.05,50.8284,-0.1395
2026-09-16,UK,weather_uv,2.2,50.8309,-0.1672
2026-09-16,UK,weather_uv,2.45,53.4809,-2.2374
2026-09-16,UK,weather_uv,2.6,55.8651,-4.2576
2026-09-16,UK,weather_uv,1.95,55.9521,-3.1965
2026-09-16,UK,weather_uv,2.2,57.1437,-2.0981
2026-09-16,UK,weather_uv,2.2,56.0716,-3.4589
2026-09-16,UK,weather_uv,1.55,57.0755,-2.7802
2026-09-16,UK,weather_uv,2.05,55.8844,-3.3397
2026-09-16,UK,weather_uv,1.7,57.0517,-2.4882
2026-09-16,UK,weather_uv,2.05,55.7992,-4.3929
2026-09-16,UK,weather_uv,2.55,51.48,-3.18
2026-09-16,UK,weather_uv,2.9,51.7144,-3.4492
2026-09-16,UK,weather_uv,2.05,51.8514,-4.8806
2026-09-16,UK,weather_uv,2.8,51.6545,-3.0228
2026-09-16,UK,weather_uv,2.55,52.4498,-3.54
2026-09-16,UK,weather_uv,2.65,51.7479,-3.3778
2026-09-16,UK,weather_uv,2.15,51.5924,-3.7802
2026-09-16,UK,weather_uv,2.4,54.1784,-6.3374
2026-09-16,UK,weather_uv,2.35,54.5968,-5.9254
2026-09-16,UK,weather_uv,2.2,54.4471,-6.387
2026-09-16,UK,weather_uv,1.9,54.3667,-6.0167
2026-09-16,UK,weather_uv,1.4,54.9981,-7.3093
2026-09-16,UK,weather_uv,1.85,54.5234,-6.0353
2026-09-16,UK,weather_uv,2.45,54.6608,-5.668
2026-09-16,UK,weather_uv,2.2,51.6214,-3.9436
2026-09-16,UK,weather_yesterday_rain,0.004,51.5085,-0.1257
2026-09-16,UK,weather_yesterday_rain,0.016,51.4552,-2.5966
2026-09-16,UK,weather_yesterday_rain,0.031,53.383,-1.4659
2026-09-16,UK,weather_yesterday_rain,0.004,51.558,-1.7812
2026-09-16,UK,weather_yesterday_rain,0.079,52.4814,-1.8998
2026-09-16,UK,weather_yesterday_rain,0.02,50.8284,-0.1395
2026-09-16,UK,weather_yesterday_rain,0.02,50.8309,-0.1672
2026-09-16,UK,weather_yesterday_rain,0.307,53.4809,-2.2374
2026-09-16,UK,weather_yesterday_rain,0.264,55.8651,-4.2576
2026-09-16,UK,weather_yesterday_rain,0.083,55.9521,-3.1965
2026-09-16,UK,weather_yesterday_rain,0.366,57.1437,-2.0981
2026-09-16,UK,weather_yesterday_rain,0.161,56.0716,-3.4589
2026-09-16,UK,weather_yesterday_rain,0.323,57.0755,-2.7802
2026-09-16,UK,weather_yesterday_rain,0.098,55.8844,-3.3397
2026-09-16,UK,weather_yesterday_rain,0.413,57.0517,-2.4882
2026-09-16,UK,weather_yesterday_rain,0.382,55.7992,-4.3929
2026-09-16,UK,weather_yesterday_rain,0.094,51.48,-3.18
2026-09-16,UK,weather_yesterday_rain,0.264,51.7144,-3.4492
2026-09-16,UK,weather_yesterday_rain,0.315,51.8514,-4.8806
2026-09-16,UK,weather_yesterday_rain,0.047,51.6545,-3.0228
2026-09-16,UK,weather_yesterday_rain,0.213,52.4498,-3.54
2026-09-16,UK,weather_yesterday_rain,0.264,51.7479,-3.3778
2026-09-16,UK,weather_yesterday_rain,0.177,51.5924,-3.7802
2026-09-16,UK,weather_yesterday_rain,0.161,54.1784,-6.3374
2026-09-16,UK,weather_yesterday_rain,0.193,54.5968,-5.9254
2026-09-16,UK,weather_yesterday_rain,0.161,54.4471,-6.387
2026-09-16,UK,weather_yesterday_rain,0.177,54.3667,-6.0167
2026-09-16,UK,weather_yesterday_rain,0.327,54.9981,-7.3093
2026-09-16,UK,weather_yesterday_rain,0.197,54.5234,-6.0353
2026-09-16,UK,weather_yesterday_rain,0.118,54.6608,-5.668
2026-09-16,UK,weather_yesterday_rain,0.189,51.6214,-3.9436
2026-09-16,US,actual_action,Sun Protection (Hats/Shirts),,
2026-09-16,US,actual_action,Sun Protection (Hats/Shirts),,
2026-09-16,US,actual_action,Sun Protection (Hats/Shirts),,
2026-09-16,US,actual_action,Sun Protection (Hats/Shirts),,
2026-09-16,US,actual_action,Sun Protection (Hats/Shirts),,
2026-09-16,US,actual_action,Sun Protection (Hats/Shirts),,
2026-09-16,US,actual_action,Sun Protection (Hats/Shirts),,
2026-09-16,US,actual_action,Sun Protection (Hats/Shirts),,
2026-09-16,US,actual_action,Sun Protection (Hats/Shirts),,
2026-09-16,US,actual_action,Sun Protection (Hats/Shirts),,
2026-09-16,US,actual_action,Sun Protection (Hats/Shirts),,
2026-09-16,US,actual_action,Sun Protection (Hats/Shirts),,
2026-09-16,US,actual_action,Sun Protection (Hats/Shirts),,
2026-09-16,US,actual_action,Sun Protection (Hats/Shirts),,
2026-09-16,US,actual_action,Sun Protection (Hats/Shirts),,
2026-09-16,US,actual_action,Sun Protection (Hats/Shirts),,
2026-09-16,US,actual_action,Sun Protection (Hats/Shirts),,
2026-09-16,US,actual_action,Sun Protection (Hats/Shirts),,
2026-09-16,US,actual_action,Sun Protection (Hats/Shirts),,
2026-09-16,US,actual_action,Sun Protection (Hats/Shirts),,
2026-09-16,US,sales_revenue,1708.4,,
2026-09-16,US,sales_units,25.0,,
2026-09-16,US,suggested_strategy,Baseline,61.2181,-149.9003
2026-09-16,US,suggested_strategy,Scale Umbrellas,64.8378,-147.7164
2026-09-16,US,suggested_strategy,Scale Umbrellas,57.0532,-135.3309
2026-09-16,US,suggested_strategy,Baseline,60.5432,-145.7587
2026-09-16,US,suggested_strategy,Baseline,61.5809,-149.4415
2026-09-16,US,suggested_strategy,Baseline,33.5207,-86.8025
2026-09-16,US,suggested_strategy,Baseline,34.7304,-86.5859
2026-09-16,US,suggested_strategy,Baseline,30.6944,-88.043
2026-09-16,US,suggested_strategy,Baseline,34.6993,-86.7483
2026-09-16,US,suggested_strategy,Baseline,30.523,-87.9033
2026-09-16,US,suggested_strategy,Baseline,34.7465,-92.2896
2026-09-16,US,suggested_strategy,Baseline,35.8423,-90.7043
2026-09-16,US,suggested_strategy,Baseline,36.3728,-94.2088
2026-09-16,US,suggested_strategy,Baseline,36.0626,-94.1574
2026-09-16,US,suggested_strategy,Baseline,36.332,-94.1185
2026-09-16,US,suggested_strategy,Scale Umbrellas,33.4484,-112.074
2026-09-16,US,suggested_strategy,Scale Umbrellas,32.2217,-110.9265
2026-09-16,US,suggested_strategy,Scale Umbrellas,33.5092,-111.899
2026-09-16,US,suggested_strategy,Scale Umbrellas,33.3528,-111.789
2026-09-16,US,suggested_strategy,Scale Umbrellas,33.4223,-111.8226
2026-09-16,US,suggested_strategy,Baseline,34.0522,-118.2437
2026-09-16,US,suggested_strategy,Baseline,37.7749,-122.4194
2026-09-16,US,suggested_strategy,Baseline,32.7157,-117.1647
2026-09-16,US,suggested_strategy,Baseline,37.3394,-121.895
2026-09-16,US,suggested_strategy,Baseline,37.8044,-122.2708
2026-09-16,US,suggested_strategy,Baseline,39.7392,-104.9847
2026-09-16,US,suggested_strategy,Scale Umbrellas,38.8339,-104.8214
2026-09-16,US,suggested_strategy,Baseline,39.6133,-105.0166
2026-09-16,US,suggested_strategy,Scale Umbrellas,39.7294,-104.8319
2026-09-16,US,suggested_strategy,Baseline,40.5853,-105.0844
2026-09-16,US,suggested_strategy,Baseline,41.1176,-73.4079
2026-09-16,US,suggested_strategy,Baseline,41.0265,-73.6285
2026-09-16,US,suggested_strategy,Baseline,41.0534,-73.5387
2026-09-16,US,suggested_strategy,Baseline,41.1412,-73.2637
2026-09-16,US,suggested_strategy,Baseline,41.1468,-73.4948
2026-09-16,US,suggested_strategy,Baseline,39.746,-75.5466
2026-09-16,US,suggested_strategy,Baseline,39.6595,-75.5636
2026-09-16,US,suggested_strategy,Baseline,38.7746,-75.1393
2026-09-16,US,suggested_strategy,Baseline,39.6837,-75.7497
2026-09-16,US,suggested_strategy,Baseline,39.4496,-75.7163
2026-09-16,US,suggested_strategy,Scale Umbrellas,25.7743,-80.1937
2026-09-16,US,suggested_strategy,Baseline,28.5383,-81.3792
2026-09-16,US,suggested_strategy,Baseline,26.1423,-81.796
2026-09-16,US,suggested_strategy,Baseline,27.9475,-82.4584
2026-09-16,US,suggested_strategy,Scale Umbrellas,26.3587,-80.0831
2026-09-16,US,suggested_strategy,Baseline,33.749,-84.388
2026-09-16,US,suggested_strategy,Baseline,33.9526,-84.5499
2026-09-16,US,suggested_strategy,Baseline,32.0835,-81.0998
2026-09-16,US,suggested_strategy,Baseline,34.0754,-84.2941
2026-09-16,US,suggested_strategy,Baseline,33.7748,-84.2963
2026-09-16,US,suggested_strategy,Sun Protection (Hats/Shirts),21.3069,-157.8583
2026-09-16,US,suggested_strategy,Baseline,21.4504,-158.015
2026-09-16,US,suggested_strategy,Sun Protection (Hats/Shirts),21.3156,-158.0072
2026-09-16,US,suggested_strategy,Scale Umbrellas,21.4024,-157.7405
2026-09-16,US,suggested_strategy,Scale Umbrellas,21.3999,-157.7989
2026-09-16,US,suggested_strategy,Scale Umbrellas (Residual Demand),42.0083,-91.6441
2026-09-16,US,suggested_strategy,Scale Umbrellas (Residual Demand),41.6611,-91.5302
2026-09-16,US,suggested_strategy,Scale Umbrellas (Residual Demand),41.6005,-93.6091
2026-09-16,US,suggested_strategy,Scale Umbrellas (Residual Demand),42.0347,-93.6199
2026-09-16,US,suggested_strategy,Scale Umbrellas (Residual Demand),41.5772,-93.7113
2026-09-16,US,suggested_strategy,Baseline,43.6135,-116.2035
2026-09-16,US,suggested_strategy,Baseline,43.6121,-116.3915
2026-09-16,US,suggested_strategy,Baseline,43.6954,-116.354
2026-09-16,US,suggested_strategy,Baseline,43.4918,-116.4201
2026-09-16,US,suggested_strategy,Scale Umbrellas,41.85,-87.65
2026-09-16,US,suggested_strategy,Scale Umbrellas,41.7859,-88.1473
2026-09-16,US,suggested_strategy,Scale Umbrellas,42.0411,-87.6901
2026-09-16,US,suggested_strategy,Scale Umbrellas,42.0722,-87.7228
2026-09-16,US,suggested_strategy,Scale Umbrellas,41.8089,-88.0112
2026-09-16,US,suggested_strategy,Scale Umbrellas,39.7684,-86.158
2026-09-16,US,suggested_strategy,Baseline,39.9784,-86.118
2026-09-16,US,suggested_strategy,Scale Umbrellas,41.1306,-85.1289
2026-09-16,US,suggested_strategy,Baseline,39.1653,-86.5264
2026-09-16,US,suggested_strategy,Baseline,40.4259,-86.9081
2026-09-16,US,suggested_strategy,Baseline,37.6922,-97.3375
2026-09-16,US,suggested_strategy,Baseline,38.9822,-94.6708
2026-09-16,US,suggested_strategy,Baseline,38.8814,-94.8191
2026-09-16,US,suggested_strategy,Baseline,38.9717,-95.2352
2026-09-16,US,suggested_strategy,Baseline,38.9667,-94.6169
2026-09-16,US,suggested_strategy,Baseline,38.2542,-85.7594
2026-09-16,US,suggested_strategy,Baseline,37.9887,-84.4777
2026-09-16,US,suggested_strategy,Baseline,36.9903,-86.4436
2026-09-16,US,suggested_strategy,Baseline,37.0834,-88.6
2026-09-16,US,suggested_strategy,Baseline,36.6084,-83.7166
2026-09-16,US,suggested_strategy,Baseline,30.4433,-91.1875
2026-09-16,US,suggested_strategy,Baseline,29.9547,-90.0751
2026-09-16,US,suggested_strategy,Baseline,30.2241,-92.0198
2026-09-16,US,suggested_strategy,Baseline,32.5251,-93.7502
2026-09-16,US,suggested_strategy,Baseline,29.9841,-90.1529
2026-09-16,US,suggested_strategy,Baseline,42.5256,-71.0953
2026-09-16,US,suggested_strategy,Baseline,42.3584,-71.0598
2026-09-16,US,suggested_strategy,Baseline,42.3751,-71.1056
2026-09-16,US,suggested_strategy,Baseline,41.8459,-71.0828
2026-09-16,US,suggested_strategy,Baseline,42.3876,-71.0995
2026-09-16,US,suggested_strategy,Baseline,39.2904,-76.6122
2026-09-16,US,suggested_strategy,Baseline,38.9807,-77.1003
2026-09-16,US,suggested_strategy,Baseline,38.9907,-77.0261
2026-09-16,US,suggested_strategy,Baseline,39.084,-77.1528
2026-09-16,US,suggested_strategy,Baseline,38.9786,-76.4918
2026-09-16,US,suggested_strategy,Baseline,43.6574,-70.2589
2026-09-16,US,suggested_strategy,Baseline,43.5781,-70.3217
2026-09-16,US,suggested_strategy,Baseline,43.7295,-70.242
2026-09-16,US,suggested_strategy,Baseline,44.7988,-68.7726
2026-09-16,US,suggested_strategy,Baseline,43.1531,-70.8001
2026-09-16,US,suggested_strategy,Baseline,42.2776,-83.7409
2026-09-16,US,suggested_strategy,Scale Umbrellas (Residual Demand),42.9634,-85.6681
2026-09-16,US,suggested_strategy,Baseline,42.5836,-83.2455
2026-09-16,US,suggested_strategy,Baseline,42.3714,-83.4702
2026-09-16,US,suggested_strategy,Baseline,42.7009,-82.9591
2026-09-16,US,suggested_strategy,Baseline,44.98,-93.2638
2026-09-16,US,suggested_strategy,Baseline,44.9444,-93.0933
2026-09-16,US,suggested_strategy,Baseline,45.0105,-93.4555
2026-09-16,US,suggested_strategy,Scale Umbrellas,44.9133,-93.5033
2026-09-16,US,suggested_strategy,Baseline,44.8547,-93.4708
2026-09-16,US,suggested_strategy,Baseline,38.6517,-90.2053
2026-09-16,US,suggested_strategy,Baseline,39.0997,-94.5786
2026-09-16,US,suggested_strategy,Baseline,38.6631,-90.5771
2026-09-16,US,suggested_strategy,Scale Umbrellas,38.7839,-90.4812
2026-09-16,US,suggested_strategy,Baseline,37.2153,-93.2982
2026-09-16,US,suggested_strategy,Baseline,32.4618,-90.1154
2026-09-16,US,suggested_strategy,Baseline,30.3674,-89.0928
2026-09-16,US,suggested_strategy,Baseline,31.3271,-89.2903
2026-09-16,US,suggested_strategy,Baseline,32.2988,-90.1848
2026-09-16,US,suggested_strategy,Baseline,34.989,-90.0126
2026-09-16,US,suggested_strategy,Baseline,45.6797,-111.0386
2026-09-16,US,suggested_strategy,Baseline,45.7833,-108.5007
2026-09-16,US,suggested_strategy,Baseline,47.5002,-111.3008
2026-09-16,US,suggested_strategy,Baseline,46.8721,-113.994
2026-09-16,US,suggested_strategy,Baseline,48.1958,-114.3129
2026-09-16,US,suggested_strategy,Baseline,35.2271,-80.8431
2026-09-16,US,suggested_strategy,Baseline,35.7721,-78.6386
2026-09-16,US,suggested_strategy,Baseline,35.994,-78.8986
2026-09-16,US,suggested_strategy,Baseline,34.2356,-77.946
2026-09-16,US,suggested_strategy,Baseline,35.9132,-79.0558
2026-09-16,US,suggested_strategy,Baseline,46.8772,-96.7898
2026-09-16,US,suggested_strategy,Baseline,46.875,-96.9004
2026-09-16,US,suggested_strategy,Baseline,46.8083,-100.7837
2026-09-16,US,suggested_strategy,Baseline,46.8792,-102.7896
2026-09-16,US,suggested_strategy,Baseline,47.9253,-97.0328
2026-09-16,US,suggested_strategy,Scale Umbrellas (Residual Demand),41.2563,-95.9404
2026-09-16,US,suggested_strategy,Scale Umbrellas (Residual Demand),40.8,-96.667
2026-09-16,US,suggested_strategy,Scale Umbrellas (Residual Demand),41.345,-96.256
2026-09-16,US,suggested_strategy,Scale Umbrellas (Residual Demand),41.1367,-95.8908
2026-09-16,US,suggested_strategy,Scale Umbrellas (Residual Demand),41.1544,-96.0422
2026-09-16,US,suggested_strategy,Baseline,42.9956,-71.4548
2026-09-16,US,suggested_strategy,Baseline,42.7654,-71.4676
2026-09-16,US,suggested_strategy,Baseline,42.9376,-70.8389
2026-09-16,US,suggested_strategy,Baseline,43.077,-70.7577
2026-09-16,US,suggested_strategy,Baseline,42.9815,-70.9478
2026-09-16,US,suggested_strategy,Baseline,40.7282,-74.0776
2026-09-16,US,suggested_strategy,Baseline,40.744,-74.0324
2026-09-16,US,suggested_strategy,Baseline,40.7968,-74.4815
2026-09-16,US,suggested_strategy,Baseline,40.659,-74.3474
2026-09-16,US,suggested_strategy,Baseline,40.3487,-74.659
2026-09-16,US,suggested_strategy,Scale Umbrellas,35.0845,-106.6511
2026-09-16,US,suggested_strategy,Scale Umbrellas,35.687,-105.9378
2026-09-16,US,suggested_strategy,Baseline,32.3123,-106.7783
2026-09-16,US,suggested_strategy,Scale Umbrellas,35.0809,-106.3881
2026-09-16,US,suggested_strategy,Scale Umbrellas,35.8881,-106.307
2026-09-16,US,suggested_strategy,Baseline,36.0397,-114.9819
2026-09-16,US,suggested_strategy,Baseline,36.175,-115.1372
2026-09-16,US,suggested_strategy,Baseline,39.5296,-119.8138
2026-09-16,US,suggested_strategy,Baseline,39.1638,-119.7674
2026-09-16,US,suggested_strategy,Baseline,36.1989,-115.1175
2026-09-16,US,suggested_strategy,Baseline,40.7143,-74.006
2026-09-16,US,suggested_strategy,Baseline,40.6501,-73.9496
2026-09-16,US,suggested_strategy,Baseline,40.8499,-73.8664
2026-09-16,US,suggested_strategy,Baseline,40.5623,-74.1399
2026-09-16,US,suggested_strategy,Baseline,40.7721,-73.9301
2026-09-16,US,suggested_strategy,Baseline,39.1271,-84.5144
2026-09-16,US,suggested_strategy,Baseline,39.9612,-82.9988
2026-09-16,US,suggested_strategy,Baseline,39.7589,-84.1916
2026-09-16,US,suggested_strategy,Baseline,40.0992,-83.1141
2026-09-16,US,suggested_strategy,Scale Umbrellas,41.4995,-81.6954
2026-09-16,US,suggested_strategy,Baseline,35.6528,-97.4781
2026-09-16,US,suggested_strategy,Baseline,36.154,-95.9928
2026-09-16,US,suggested_strategy,Baseline,35.4676,-97.5164
2026-09-16,US,suggested_strategy,Baseline,35.2226,-97.4395
2026-09-16,US,suggested_strategy,Baseline,36.0526,-95.7908
2026-09-16,US,suggested_strategy,Baseline,45.5234,-122.6762
2026-09-16,US,suggested_strategy,Baseline,45.4207,-122.6706
2026-09-16,US,suggested_strategy,Baseline,45.4871,-122.8037
2026-09-16,US,suggested_strategy,Baseline,44.0521,-123.0867
2026-09-16,US,suggested_strategy,Baseline,44.9429,-123.0351
2026-09-16,US,suggested_strategy,Baseline,39.9524,-75.1636
2026-09-16,US,suggested_strategy,Baseline,40.4406,-79.9959
2026-09-16,US,suggested_strategy,Baseline,40.0379,-76.3055
2026-09-16,US,suggested_strategy,Baseline,39.961,-75.608
2026-09-16,US,suggested_strategy,Baseline,40.3101,-75.1299
2026-09-16,US,suggested_strategy,Baseline,41.824,-71.4128
2026-09-16,US,suggested_strategy,Baseline,41.7407,-71.3087
2026-09-16,US,suggested_strategy,Baseline,41.7798,-71.4373
2026-09-16,US,suggested_strategy,Baseline,41.7001,-71.4162
2026-09-16,US,suggested_strategy,Baseline,41.6604,-71.4559
2026-09-16,US,suggested_strategy,Baseline,34.8526,-82.394
2026-09-16,US,suggested_strategy,Baseline,32.7763,-79.9327
2026-09-16,US,suggested_strategy,Baseline,32.7941,-79.8626
2026-09-16,US,suggested_strategy,Baseline,34.0007,-81.0348
2026-09-16,US,suggested_strategy,Baseline,33.6891,-78.8867
2026-09-16,US,suggested_strategy,Baseline,43.55,-96.7003
2026-09-16,US,suggested_strategy,Baseline,44.0805,-103.231
2026-09-16,US,suggested_strategy,Baseline,43.3541,-96.892
2026-09-16,US,suggested_strategy,Baseline,44.0061,-97.114
2026-09-16,US,suggested_strategy,Baseline,45.4647,-98.4865
2026-09-16,US,suggested_strategy,Baseline,36.1659,-86.7844
2026-09-16,US,suggested_strategy,Baseline,35.9606,-83.9207
2026-09-16,US,suggested_strategy,Baseline,35.1495,-90.049
2026-09-16,US,suggested_strategy,Baseline,35.9251,-86.8689
2026-09-16,US,suggested_strategy,Baseline,35.0456,-85.3097
2026-09-16,US,suggested_strategy,Baseline,29.7633,-95.3633
2026-09-16,US,suggested_strategy,Baseline,30.2672,-97.7431
2026-09-16,US,suggested_strategy,Baseline,32.7831,-96.8067
2026-09-16,US,suggested_strategy,Baseline,29.4241,-98.4936
2026-09-16,US,suggested_strategy,Baseline,32.7254,-97.3208
2026-09-16,US,suggested_strategy,Baseline,40.7608,-111.8911
2026-09-16,US,suggested_strategy,Baseline,40.5622,-111.9297
2026-09-16,US,suggested_strategy,Baseline,40.6461,-111.498
2026-09-16,US,suggested_strategy,Baseline,40.5916,-111.8841
2026-09-16,US,suggested_strategy,Baseline,38.8048,-77.0469
2026-09-16,US,suggested_strategy,Baseline,38.881,-77.1043
2026-09-16,US,suggested_strategy,Baseline,36.8529,-75.978
2026-09-16,US,suggested_strategy,Baseline,37.5538,-77.4603
2026-09-16,US,suggested_strategy,Baseline,38.8462,-77.3064
2026-09-16,US,suggested_strategy,Baseline,44.4759,-73.2121
2026-09-16,US,suggested_strategy,Baseline,44.4906,-73.111
2026-09-16,US,suggested_strategy,Baseline,44.5939,-72.6165
2026-09-16,US,suggested_strategy,Baseline,44.467,-73.171
2026-09-16,US,suggested_strategy,Baseline,44.4653,-72.6846
2026-09-16,US,suggested_strategy,Baseline,47.6062,-122.3321
2026-09-16,US,suggested_strategy,Baseline,47.6104,-122.2007
2026-09-16,US,suggested_strategy,Baseline,45.6387,-122.6615
2026-09-16,US,suggested_strategy,Baseline,47.2529,-122.4443
2026-09-16,US,suggested_strategy,Scale Umbrellas (Residual Demand),43.0389,-87.9065
2026-09-16,US,suggested_strategy,Scale Umbrellas (Residual Demand),43.0731,-89.4012
2026-09-16,US,suggested_strategy,Scale Umbrellas (Residual Demand),43.0117,-88.2315
2026-09-16,US,suggested_strategy,Scale Umbrellas (Residual Demand),43.1133,-87.9001
2026-09-16,US,suggested_strategy,Scale Umbrellas (Residual Demand),44.2619,-88.4154
2026-09-16,US,suggested_strategy,Baseline,39.6295,-79.9559
2026-09-16,US,suggested_strategy,Baseline,38.4192,-82.4451
2026-09-16,US,suggested_strategy,Baseline,38.3498,-81.6326
2026-09-16,US,suggested_strategy,Baseline,40.064,-80.7209
2026-09-16,US,suggested_strategy,Baseline,38.4326,-82.0201
2026-09-16,US,suggested_strategy,Baseline,41.14,-104.8203
2026-09-16,US,suggested_strategy,Baseline,44.7972,-106.9562
2026-09-16,US,suggested_strategy,Baseline,41.5875,-109.2029
2026-09-16,US,suggested_strategy,Baseline,44.5263,-109.0565
2026-09-16,US,suggested_strategy,Baseline,42.8666,-106.3131
2026-09-16,US,suggested_strategy,Baseline,38.8951,-77.0364
2026-09-16,US,suggested_strategy,Baseline,47.6777,-116.7805
2026-09-16,US,suggested_strategy,Baseline,40.3144,-111.9849
2026-09-16,US,suggested_strategy,Baseline,47.6569,-117.425
2026-09-16,US,weather_rain,0.0,61.2181,-149.9003
2026-09-16,US,weather_rain,0.535,64.8378,-147.7164
2026-09-16,US,weather_rain,0.906,57.0532,-135.3309
2026-09-16,US,weather_rain,0.035,60.5432,-145.7587
2026-09-16,US,weather_rain,0.008,61.5809,-149.4415
2026-09-16,US,weather_rain,0.0,33.5207,-86.8025
2026-09-16,US,weather_rain,0.0,34.7304,-86.5859
2026-09-16,US,weather_rain,0.0,30.6944,-88.043
2026-09-16,US,weather_rain,0.0,34.6993,-86.7483
2026-09-16,US,weather_rain,0.0,30.523,-87.9033
2026-09-16,US,weather_rain,0.0,34.7465,-92.2896
2026-09-16,US,weather_rain,0.0,35.8423,-90.7043
2026-09-16,US,weather_rain,0.0,36.3728,-94.2088
2026-09-16,US,weather_rain,0.0,36.0626,-94.1574
2026-09-16,US,weather_rain,0.0,36.332,-94.1185
2026-09-16,US,weather_rain,2.626,33.4484,-112.074
2026-09-16,US,weather_rain,1.827,32.2217,-110.9265
2026-09-16,US,weather_rain,2.146,33.5092,-111.899
2026-09-16,US,weather_rain,0.756,33.3528,-111.789
2026-09-16,US,weather_rain,1.307,33.4223,-111.8226
2026-09-16,US,weather_rain,0.0,34.0522,-118.2437
2026-09-16,US,weather_rain,0.0,37.7749,-122.4194
2026-09-16,US,weather_rain,0.059,32.7157,-117.1647
2026-09-16,US,weather_rain,0.0,37.3394,-121.895
2026-09-16,US,weather_rain,0.0,37.8044,-122.2708
2026-09-16,US,weather_rain,0.087,39.7392,-104.9847
2026-09-16,US,weather_rain,0.512,38.8339,-104.8214
2026-09-16,US,weather_rain,0.161,39.6133,-105.0166
2026-09-16,US,weather_rain,0.268,39.7294,-104.8319
2026-09-16,US,weather_rain,0.13,40.5853,-105.0844
2026-09-16,US,weather_rain,0.0,41.1176,-73.4079
2026-09-16,US,weather_rain,0.0,41.0265,-73.6285
2026-09-16,US,weather_rain,0.0,41.0534,-73.5387
2026-09-16,US,weather_rain,0.0,41.1412,-73.2637
2026-09-16,US,weather_rain,0.0,41.1468,-73.4948
2026-09-16,US,weather_rain,0.0,39.746,-75.5466
2026-09-16,US,weather_rain,0.0,39.6595,-75.5636
2026-09-16,US,weather_rain,0.0,38.7746,-75.1393
2026-09-16,US,weather_rain,0.0,39.6837,-75.7497
2026-09-16,US,weather_rain,0.0,39.4496,-75.7163
2026-09-16,US,weather_rain,1.209,25.7743,-80.1937
2026-09-16,US,weather_rain,0.0,28.5383,-81.3792
2026-09-16,US,weather_rain,0.126,26.1423,-81.796
2026-09-16,US,weather_rain,0.0,27.9475,-82.4584
2026-09-16,US,weather_rain,4.65,26.3587,-80.0831
2026-09-16,US,weather_rain,0.0,33.749,-84.388
2026-09-16,US,weather_rain,0.0,33.9526,-84.5499
2026-09-16,US,weather_rain,0.0,32.0835,-81.0998
2026-09-16,US,weather_rain,0.0,34.0754,-84.2941
2026-09-16,US,weather_rain,0.0,33.7748,-84.2963
2026-09-16,US,weather_rain,0.134,21.3069,-157.8583
2026-09-16,US,weather_rain,0.043,21.4504,-158.015
2026-09-16,US,weather_rain,0.047,21.3156,-158.0072
2026-09-16,US,weather_rain,0.48,21.4024,-157.7405
2026-09-16,US,weather_rain,0.48,21.3999,-157.7989
2026-09-16,US,weather_rain,0.539,42.0083,-91.6441
2026-09-16,US,weather_rain,0.594,41.6611,-91.5302
2026-09-16,US,weather_rain,0.13,41.6005,-93.6091
2026-09-16,US,weather_rain,0.102,42.0347,-93.6199
2026-09-16,US,weather_rain,0.087,41.5772,-93.7113
2026-09-16,US,weather_rain,0.0,43.6135,-116.2035
2026-09-16,US,weather_rain,0.0,43.6121,-116.3915
2026-09-16,US,weather_rain,0.0,43.6954,-116.354
2026-09-16,US,weather_rain,0.0,43.4918,-116.4201
2026-09-16,US,weather_rain,0.791,41.85,-87.65
2026-09-16,US,weather_rain,1.839,41.7859,-88.1473
2026-09-16,US,weather_rain,0.484,42.0411,-87.6901
2026-09-16,US,weather_rain,0.413,42.0722,-87.7228
2026-09-16,US,weather_rain,0.882,41.8089,-88.0112
2026-09-16,US,weather_rain,0.949,39.7684,-86.158
2026-09-16,US,weather_rain,0.0,39.9784,-86.118
2026-09-16,US,weather_rain,0.24,41.1306,-85.1289
2026-09-16,US,weather_rain,0.016,39.1653,-86.5264
2026-09-16,US,weather_rain,0.0,40.4259,-86.9081
2026-09-16,US,weather_rain,0.0,37.6922,-97.3375
2026-09-16,US,weather_rain,0.0,38.9822,-94.6708
2026-09-16,US,weather_rain,0.0,38.8814,-94.8191
2026-09-16,US,weather_rain,0.0,38.9717,-95.2352
2026-09-16,US,weather_rain,0.0,38.9667,-94.6169
2026-09-16,US,weather_rain,0.0,38.2542,-85.7594
2026-09-16,US,weather_rain,0.0,37.9887,-84.4777
2026-09-16,US,weather_rain,0.0,36.9903,-86.4436
2026-09-16,US,weather_rain,0.0,37.0834,-88.6
2026-09-16,US,weather_rain,0.0,36.6084,-83.7166
2026-09-16,US,weather_rain,0.0,30.4433,-91.1875
2026-09-16,US,weather_rain,0.0,29.9547,-90.0751
2026-09-16,US,weather_rain,0.0,30.2241,-92.0198
2026-09-16,US,weather_rain,0.0,32.5251,-93.7502
2026-09-16,US,weather_rain,0.0,29.9841,-90.1529
2026-09-16,US,weather_rain,0.0,42.5256,-71.0953
2026-09-16,US,weather_rain,0.0,42.3584,-71.0598
2026-09-16,US,weather_rain,0.0,42.3751,-71.1056
2026-09-16,US,weather_rain,0.0,41.8459,-71.0828
2026-09-16,US,weather_rain,0.0,42.3876,-71.0995
2026-09-16,US,weather_rain,0.0,39.2904,-76.6122
2026-09-16,US,weather_rain,0.0,38.9807,-77.1003
2026-09-16,US,weather_rain,0.0,38.9907,-77.0261
2026-09-16,US,weather_rain,0.0,39.084,-77.1528
2026-09-16,US,weather_rain,0.0,38.9786,-76.4918
2026-09-16,US,weather_rain,0.0,43.6574,-70.2589
2026-09-16,US,weather_rain,0.0,43.5781,-70.3217
2026-09-16,US,weather_rain,0.0,43.7295,-70.242
2026-09-16,US,weather_rain,0.0,44.7988,-68.7726
2026-09-16,US,weather_rain,0.0,43.1531,-70.8001
2026-09-16,US,weather_rain,0.098,42.2776,-83.7409
2026-09-16,US,weather_rain,0.016,42.9634,-85.6681
2026-09-16,US,weather_rain,0.075,42.5836,-83.2455
2026-09-16,US,weather_rain,0.016,42.3714,-83.4702
2026-09-16,US,weather_rain,0.031,42.7009,-82.9591
2026-09-16,US,weather_rain,0.114,44.98,-93.2638
2026-09-16,US,weather_rain,0.102,44.9444,-93.0933
2026-09-16,US,weather_rain,0.102,45.0105,-93.4555
2026-09-16,US,weather_rain,0.339,44.9133,-93.5033
2026-09-16,US,weather_rain,0.169,44.8547,-93.4708
2026-09-16,US,weather_rain,0.0,38.6517,-90.2053
2026-09-16,US,weather_rain,0.0,39.0997,-94.5786
2026-09-16,US,weather_rain,0.0,38.6631,-90.5771
2026-09-16,US,weather_rain,0.228,38.7839,-90.4812
2026-09-16,US,weather_rain,0.0,37.2153,-93.2982
2026-09-16,US,weather_rain,0.0,32.4618,-90.1154
2026-09-16,US,weather_rain,0.0,30.3674,-89.0928
2026-09-16,US,weather_rain,0.0,31.3271,-89.2903
2026-09-16,US,weather_rain,0.0,32.2988,-90.1848
2026-09-16,US,weather_rain,0.0,34.989,-90.0126
2026-09-16,US,weather_rain,0.0,45.6797,-111.0386
2026-09-16,US,weather_rain,0.0,45.7833,-108.5007
2026-09-16,US,weather_rain,0.0,47.5002,-111.3008
2026-09-16,US,weather_rain,0.0,46.8721,-113.994
2026-09-16,US,weather_rain,0.0,48.1958,-114.3129
2026-09-16,US,weather_rain,0.0,35.2271,-80.8431
2026-09-16,US,weather_rain,0.0,35.7721,-78.6386
2026-09-16,US,weather_rain,0.0,35.994,-78.8986
2026-09-16,US,weather_rain,0.0,34.2356,-77.946
2026-09-16,US,weather_rain,0.0,35.9132,-79.0558
2026-09-16,US,weather_rain,0.031,46.8772,-96.7898
2026-09-16,US,weather_rain,0.043,46.875,-96.9004
2026-09-16,US,weather_rain,0.0,46.8083,-100.7837
2026-09-16,US,weather_rain,0.0,46.8792,-102.7896
2026-09-16,US,weather_rain,0.114,47.9253,-97.0328
2026-09-16,US,weather_rain,1.004,41.2563,-95.9404
2026-09-16,US,weather_rain,1.118,40.8,-96.667
2026-09-16,US,weather_rain,0.173,41.345,-96.256
2026-09-16,US,weather_rain,0.906,41.1367,-95.8908
2026-09-16,US,weather_rain,0.441,41.1544,-96.0422
2026-09-16,US,weather_rain,0.028,42.9956,-71.4548
2026-09-16,US,weather_rain,0.0,42.7654,-71.4676
2026-09-16,US,weather_rain,0.0,42.9376,-70.8389
2026-09-16,US,weather_rain,0.0,43.077,-70.7577
2026-09-16,US,weather_rain,0.0,42.9815,-70.9478
2026-09-16,US,weather_rain,0.0,40.7282,-74.0776
2026-09-16,US,weather_rain,0.0,40.744,-74.0324
2026-09-16,US,weather_rain,0.0,40.7968,-74.4815
2026-09-16,US,weather_rain,0.0,40.659,-74.3474
2026-09-16,US,weather_rain,0.0,40.3487,-74.659
2026-09-16,US,weather_rain,0.201,35.0845,-106.6511
2026-09-16,US,weather_rain,0.594,35.687,-105.9378
2026-09-16,US,weather_rain,0.087,32.3123,-106.7783
2026-09-16,US,weather_rain,0.287,35.0809,-106.3881
2026-09-16,US,weather_rain,0.37,35.8881,-106.307
2026-09-16,US,weather_rain,0.0,36.0397,-114.9819
2026-09-16,US,weather_rain,0.0,36.175,-115.1372
2026-09-16,US,weather_rain,0.0,39.5296,-119.8138
2026-09-16,US,weather_rain,0.0,39.1638,-119.7674
2026-09-16,US,weather_rain,0.0,36.1989,-115.1175
2026-09-16,US,weather_rain,0.0,40.7143,-74.006
2026-09-16,US,weather_rain,0.0,40.6501,-73.9496
2026-09-16,US,weather_rain,0.0,40.8499,-73.8664
2026-09-16,US,weather_rain,0.0,40.5623,-74.1399
2026-09-16,US,weather_rain,0.0,40.7721,-73.9301
2026-09-16,US,weather_rain,0.0,39.1271,-84.5144
2026-09-16,US,weather_rain,0.016,39.9612,-82.9988
2026-09-16,US,weather_rain,0.126,39.7589,-84.1916
2026-09-16,US,weather_rain,0.0,40.0992,-83.1141
2026-09-16,US,weather_rain,1.248,41.4995,-81.6954
2026-09-16,US,weather_rain,0.0,35.6528,-97.4781
2026-09-16,US,weather_rain,0.0,36.154,-95.9928
2026-09-16,US,weather_rain,0.0,35.4676,-97.5164
2026-09-16,US,weather_rain,0.0,35.2226,-97.4395
2026-09-16,US,weather_rain,0.0,36.0526,-95.7908
2026-09-16,US,weather_rain,0.0,45.5234,-122.6762
2026-09-16,US,weather_rain,0.0,45.4207,-122.6706
2026-09-16,US,weather_rain,0.0,45.4871,-122.8037
2026-09-16,US,weather_rain,0.0,44.0521,-123.0867
2026-09-16,US,weather_rain,0.0,44.9429,-123.0351
2026-09-16,US,weather_rain,0.0,39.9524,-75.1636
2026-09-16,US,weather_rain,0.0,40.4406,-79.9959
2026-09-16,US,weather_rain,0.0,40.0379,-76.3055
2026-09-16,US,weather_rain,0.0,39.961,-75.608
2026-09-16,US,weather_rain,0.0,40.3101,-75.1299
2026-09-16,US,weather_rain,0.0,41.824,-71.4128
2026-09-16,US,weather_rain,0.0,41.7407,-71.3087
2026-09-16,US,weather_rain,0.0,41.7798,-71.4373
2026-09-16,US,weather_rain,0.0,41.7001,-71.4162
2026-09-16,US,weather_rain,0.0,41.6604,-71.4559
2026-09-16,US,weather_rain,0.0,34.8526,-82.394
2026-09-16,US,weather_rain,0.0,32.7763,-79.9327
2026-09-16,US,weather_rain,0.0,32.7941,-79.8626
2026-09-16,US,weather_rain,0.0,34.0007,-81.0348
2026-09-16,US,weather_rain,0.0,33.6891,-78.8867
2026-09-16,US,weather_rain,0.043,43.55,-96.7003
2026-09-16,US,weather_rain,0.0,44.0805,-103.231
2026-09-16,US,weather_rain,0.031,43.3541,-96.892
2026-09-16,US,weather_rain,0.055,44.0061,-97.114
2026-09-16,US,weather_rain,0.0,45.4647,-98.4865
2026-09-16,US,weather_rain,0.0,36.1659,-86.7844
2026-09-16,US,weather_rain,0.0,35.9606,-83.9207
2026-09-16,US,weather_rain,0.0,35.1495,-90.049
2026-09-16,US,weather_rain,0.0,35.9251,-86.8689
2026-09-16,US,weather_rain,0.0,35.0456,-85.3097
2026-09-16,US,weather_rain,0.0,29.7633,-95.3633
2026-09-16,US,weather_rain,0.0,30.2672,-97.7431
2026-09-16,US,weather_rain,0.0,32.7831,-96.8067
2026-09-16,US,weather_rain,0.0,29.4241,-98.4936
2026-09-16,US,weather_rain,0.0,32.7254,-97.3208
2026-09-16,US,weather_rain,0.071,40.7608,-111.8911
2026-09-16,US,weather_rain,0.0,40.5622,-111.9297
2026-09-16,US,weather_rain,0.0,40.6461,-111.498
2026-09-16,US,weather_rain,0.0,40.5916,-111.8841
2026-09-16,US,weather_rain,0.0,38.8048,-77.0469
2026-09-16,US,weather_rain,0.0,38.881,-77.1043
2026-09-16,US,weather_rain,0.0,36.8529,-75.978
2026-09-16,US,weather_rain,0.0,37.5538,-77.4603
2026-09-16,US,weather_rain,0.0,38.8462,-77.3064
2026-09-16,US,weather_rain,0.0,44.4759,-73.2121
2026-09-16,US,weather_rain,0.0,44.4906,-73.111
2026-09-16,US,weather_rain,0.0,44.5939,-72.6165
2026-09-16,US,weather_rain,0.0,44.467,-73.171
2026-09-16,US,weather_rain,0.0,44.4653,-72.6846
2026-09-16,US,weather_rain,0.0,47.6062,-122.3321
2026-09-16,US,weather_rain,0.0,47.6104,-122.2007
2026-09-16,US,weather_rain,0.0,45.6387,-122.6615
2026-09-16,US,weather_rain,0.0,47.2529,-122.4443
2026-09-16,US,weather_rain,0.0,43.0389,-87.9065
2026-09-16,US,weather_rain,0.031,43.0731,-89.4012
2026-09-16,US,weather_rain,0.0,43.0117,-88.2315
2026-09-16,US,weather_rain,0.016,43.1133,-87.9001
2026-09-16,US,weather_rain,0.0,44.2619,-88.4154
2026-09-16,US,weather_rain,0.0,39.6295,-79.9559
2026-09-16,US,weather_rain,0.0,38.4192,-82.4451
2026-09-16,US,weather_rain,0.0,38.3498,-81.6326
2026-09-16,US,weather_rain,0.0,40.064,-80.7209
2026-09-16,US,weather_rain,0.0,38.4326,-82.0201
2026-09-16,US,weather_rain,0.114,41.14,-104.8203
2026-09-16,US,weather_rain,0.0,44.7972,-106.9562
2026-09-16,US,weather_rain,0.028,41.5875,-109.2029
2026-09-16,US,weather_rain,0.0,44.5263,-109.0565
2026-09-16,US,weather_rain,0.0,42.8666,-106.3131
2026-09-16,US,weather_rain,0.0,38.8951,-77.0364
2026-09-16,US,weather_rain,0.0,47.6777,-116.7805
2026-09-16,US,weather_rain,0.0,40.3144,-111.9849
2026-09-16,US,weather_rain,0.0,47.6569,-117.425
2026-09-16,US,weather_uv,3.2,61.2181,-149.9003
2026-09-16,US,weather_uv,1.15,64.8378,-147.7164
2026-09-16,US,weather_uv,0.25,57.0532,-135.3309
2026-09-16,US,weather_uv,3.0,60.5432,-145.7587
2026-09-16,US,weather_uv,3.1,61.5809,-149.4415
2026-09-16,US,weather_uv,7.1,33.5207,-86.8025
2026-09-16,US,weather_uv,7.0,34.7304,-86.5859
2026-09-16,US,weather_uv,7.4,30.6944,-88.043
2026-09-16,US,weather_uv,7.0,34.6993,-86.7483
2026-09-16,US,weather_uv,7.5,30.523,-87.9033
2026-09-16,US,weather_uv,6.9,34.7465,-92.2896
2026-09-16,US,weather_uv,6.55,35.8423,-90.7043
2026-09-16,US,weather_uv,6.5,36.3728,-94.2088
2026-09-16,US,weather_uv,6.65,36.0626,-94.1574
2026-09-16,US,weather_uv,6.5,36.332,-94.1185
2026-09-16,US,weather_uv,6.55,33.4484,-112.074
2026-09-16,US,weather_uv,5.5,32.2217,-110.9265
2026-09-16,US,weather_uv,6.55,33.5092,-111.899
2026-09-16,US,weather_uv,6.0,33.3528,-111.789
2026-09-16,US,weather_uv,5.65,33.4223,-111.8226
2026-09-16,US,weather_uv,7.15,34.0522,-118.2437
2026-09-16,US,weather_uv,6.15,37.7749,-122.4194
2026-09-16,US,weather_uv,7.35,32.7157,-117.1647
2026-09-16,US,weather_uv,6.6,37.3394,-121.895
2026-09-16,US,weather_uv,6.5,37.8044,-122.2708
2026-09-16,US,weather_uv,3.95,39.7392,-104.9847
2026-09-16,US,weather_uv,6.0,38.8339,-104.8214
2026-09-16,US,weather_uv,4.9,39.6133,-105.0166
2026-09-16,US,weather_uv,4.8,39.7294,-104.8319
2026-09-16,US,weather_uv,5.8,40.5853,-105.0844
2026-09-16,US,weather_uv,5.85,41.1176,-73.4079
2026-09-16,US,weather_uv,5.9,41.0265,-73.6285
2026-09-16,US,weather_uv,5.9,41.0534,-73.5387
2026-09-16,US,weather_uv,6.05,41.1412,-73.2637
2026-09-16,US,weather_uv,5.9,41.1468,-73.4948
2026-09-16,US,weather_uv,6.15,39.746,-75.5466
2026-09-16,US,weather_uv,6.15,39.6595,-75.5636
2026-09-16,US,weather_uv,6.3,38.7746,-75.1393
2026-09-16,US,weather_uv,6.15,39.6837,-75.7497
2026-09-16,US,weather_uv,6.2,39.4496,-75.7163
2026-09-16,US,weather_uv,8.05,25.7743,-80.1937
2026-09-16,US,weather_uv,5.55,28.5383,-81.3792
2026-09-16,US,weather_uv,7.95,26.1423,-81.796
2026-09-16,US,weather_uv,7.55,27.9475,-82.4584
2026-09-16,US,weather_uv,7.9,26.3587,-80.0831
2026-09-16,US,weather_uv,7.1,33.749,-84.388
2026-09-16,US,weather_uv,7.1,33.9526,-84.5499
2026-09-16,US,weather_uv,7.25,32.0835,-81.0998
2026-09-16,US,weather_uv,7.0,34.0754,-84.2941
2026-09-16,US,weather_uv,7.1,33.7748,-84.2963
2026-09-16,US,weather_uv,8.0,21.3069,-157.8583
2026-09-16,US,weather_uv,7.65,21.4504,-158.015
2026-09-16,US,weather_uv,8.65,21.3156,-158.0072
2026-09-16,US,weather_uv,7.5,21.4024,-157.7405
2026-09-16,US,weather_uv,8.0,21.3999,-157.7989
2026-09-16,US,weather_uv,5.45,42.0083,-91.6441
2026-09-16,US,weather_uv,4.15,41.6611,-91.5302
2026-09-16,US,weather_uv,1.9,41.6005,-93.6091
2026-09-16,US,weather_uv,3.0,42.0347,-93.6199
2026-09-16,US,weather_uv,1.65,41.5772,-93.7113
2026-09-16,US,weather_uv,5.9,43.6135,-116.2035
2026-09-16,US,weather_uv,5.85,43.6121,-116.3915
2026-09-16,US,weather_uv,5.85,43.6954,-116.354
2026-09-16,US,weather_uv,5.9,43.4918,-116.4201
2026-09-16,US,weather_uv,3.5,41.85,-87.65
2026-09-16,US,weather_uv,3.85,41.7859,-88.1473
2026-09-16,US,weather_uv,4.4,42.0411,-87.6901
2026-09-16,US,weather_uv,5.2,42.0722,-87.7228
2026-09-16,US,weather_uv,4.35,41.8089,-88.0112
2026-09-16,US,weather_uv,5.0,39.7684,-86.158
2026-09-16,US,weather_uv,4.9,39.9784,-86.118
2026-09-16,US,weather_uv,3.45,41.1306,-85.1289
2026-09-16,US,weather_uv,6.1,39.1653,-86.5264
2026-09-16,US,weather_uv,5.7,40.4259,-86.9081
2026-09-16,US,weather_uv,6.7,37.6922,-97.3375
2026-09-16,US,weather_uv,6.4,38.9822,-94.6708
2026-09-16,US,weather_uv,6.4,38.8814,-94.8191
2026-09-16,US,weather_uv,6.4,38.9717,-95.2352
2026-09-16,US,weather_uv,6.35,38.9667,-94.6169
2026-09-16,US,weather_uv,5.0,38.2542,-85.7594
2026-09-16,US,weather_uv,5.8,37.9887,-84.4777
2026-09-16,US,weather_uv,6.45,36.9903,-86.4436
2026-09-16,US,weather_uv,6.4,37.0834,-88.6
2026-09-16,US,weather_uv,6.4,36.6084,-83.7166
2026-09-16,US,weather_uv,7.4,30.4433,-91.1875
2026-09-16,US,weather_uv,7.5,29.9547,-90.0751
2026-09-16,US,weather_uv,7.4,30.2241,-92.0198
2026-09-16,US,weather_uv,6.7,32.5251,-93.7502
2026-09-16,US,weather_uv,7.5,29.9841,-90.1529
2026-09-16,US,weather_uv,5.95,42.5256,-71.0953
2026-09-16,US,weather_uv,6.05,42.3584,-71.0598
2026-09-16,US,weather_uv,6.0,42.3751,-71.1056
2026-09-16,US,weather_uv,6.05,41.8459,-71.0828
2026-09-16,US,weather_uv,6.0,42.3876,-71.0995
2026-09-16,US,weather_uv,6.25,39.2904,-76.6122
2026-09-16,US,weather_uv,6.25,38.9807,-77.1003
2026-09-16,US,weather_uv,6.3,38.9907,-77.0261
2026-09-16,US,weather_uv,6.25,39.084,-77.1528
2026-09-16,US,weather_uv,6.25,38.9786,-76.4918
2026-09-16,US,weather_uv,5.85,43.6574,-70.2589
2026-09-16,US,weather_uv,5.85,43.5781,-70.3217
2026-09-16,US,weather_uv,5.85,43.7295,-70.242
2026-09-16,US,weather_uv,5.4,44.7988,-68.7726
2026-09-16,US,weather_uv,5.9,43.1531,-70.8001
2026-09-16,US,weather_uv,1.85,42.2776,-83.7409
2026-09-16,US,weather_uv,3.7,42.9634,-85.6681
2026-09-16,US,weather_uv,1.9,42.5836,-83.2455
2026-09-16,US,weather_uv,2.1,42.3714,-83.4702
2026-09-16,US,weather_uv,2.2,42.7009,-82.9591
2026-09-16,US,weather_uv,5.5,44.98,-93.2638
2026-09-16,US,weather_uv,5.5,44.9444,-93.0933
2026-09-16,US,weather_uv,5.5,45.0105,-93.4555
2026-09-16,US,weather_uv,5.45,44.9133,-93.5033
2026-09-16,US,weather_uv,5.45,44.8547,-93.4708
2026-09-16,US,weather_uv,6.2,38.6517,-90.2053
2026-09-16,US,weather_uv,6.35,39.0997,-94.5786
2026-09-16,US,weather_uv,6.2,38.6631,-90.5771
2026-09-16,US,weather_uv,5.85,38.7839,-90.4812
2026-09-16,US,weather_uv,6.3,37.2153,-93.2982
2026-09-16,US,weather_uv,7.2,32.4618,-90.1154
2026-09-16,US,weather_uv,7.45,30.3674,-89.0928
2026-09-16,US,weather_uv,7.35,31.3271,-89.2903
2026-09-16,US,weather_uv,7.2,32.2988,-90.1848
2026-09-16,US,weather_uv,6.85,34.989,-90.0126
2026-09-16,US,weather_uv,5.95,45.6797,-111.0386
2026-09-16,US,weather_uv,5.8,45.7833,-108.5007
2026-09-16,US,weather_uv,5.55,47.5002,-111.3008
2026-09-16,US,weather_uv,5.55,46.8721,-113.994
2026-09-16,US,weather_uv,5.4,48.1958,-114.3129
2026-09-16,US,weather_uv,6.7,35.2271,-80.8431
2026-09-16,US,weather_uv,6.75,35.7721,-78.6386
2026-09-16,US,weather_uv,6.75,35.994,-78.8986
2026-09-16,US,weather_uv,6.9,34.2356,-77.946
2026-09-16,US,weather_uv,6.75,35.9132,-79.0558
2026-09-16,US,weather_uv,3.9,46.8772,-96.7898
2026-09-16,US,weather_uv,3.95,46.875,-96.9004
2026-09-16,US,weather_uv,4.3,46.8083,-100.7837
2026-09-16,US,weather_uv,5.5,46.8792,-102.7896
2026-09-16,US,weather_uv,4.9,47.9253,-97.0328
2026-09-16,US,weather_uv,1.4,41.2563,-95.9404
2026-09-16,US,weather_uv,0.95,40.8,-96.667
2026-09-16,US,weather_uv,0.75,41.345,-96.256
2026-09-16,US,weather_uv,1.55,41.1367,-95.8908
2026-09-16,US,weather_uv,1.45,41.1544,-96.0422
2026-09-16,US,weather_uv,5.9,42.9956,-71.4548
2026-09-16,US,weather_uv,5.95,42.7654,-71.4676
2026-09-16,US,weather_uv,5.95,42.9376,-70.8389
2026-09-16,US,weather_uv,5.95,43.077,-70.7577
2026-09-16,US,weather_uv,5.9,42.9815,-70.9478
2026-09-16,US,weather_uv,6.1,40.7282,-74.0776
2026-09-16,US,weather_uv,6.1,40.744,-74.0324
2026-09-16,US,weather_uv,6.05,40.7968,-74.4815
2026-09-16,US,weather_uv,6.05,40.659,-74.3474
2026-09-16,US,weather_uv,6.1,40.3487,-74.659
2026-09-16,US,weather_uv,7.3,35.0845,-106.6511
2026-09-16,US,weather_uv,7.05,35.687,-105.9378
2026-09-16,US,weather_uv,7.55,32.3123,-106.7783
2026-09-16,US,weather_uv,7.05,35.0809,-106.3881
2026-09-16,US,weather_uv,7.2,35.8881,-106.307
2026-09-16,US,weather_uv,6.95,36.0397,-114.9819
2026-09-16,US,weather_uv,7.2,36.175,-115.1372
2026-09-16,US,weather_uv,6.7,39.5296,-119.8138
2026-09-16,US,weather_uv,6.75,39.1638,-119.7674
2026-09-16,US,weather_uv,7.2,36.1989,-115.1175
2026-09-16,US,weather_uv,6.1,40.7143,-74.006
2026-09-16,US,weather_uv,6.15,40.6501,-73.9496
2026-09-16,US,weather_uv,6.0,40.8499,-73.8664
2026-09-16,US,weather_uv,6.1,40.5623,-74.1399
2026-09-16,US,weather_uv,6.05,40.7721,-73.9301
2026-09-16,US,weather_uv,6.1,39.1271,-84.5144
2026-09-16,US,weather_uv,6.0,39.9612,-82.9988
2026-09-16,US,weather_uv,5.5,39.7589,-84.1916
2026-09-16,US,weather_uv,6.0,40.0992,-83.1141
2026-09-16,US,weather_uv,4.7,41.4995,-81.6954
2026-09-16,US,weather_uv,6.85,35.6528,-97.4781
2026-09-16,US,weather_uv,6.5,36.154,-95.9928
2026-09-16,US,weather_uv,6.9,35.4676,-97.5164
2026-09-16,US,weather_uv,6.85,35.2226,-97.4395
2026-09-16,US,weather_uv,6.7,36.0526,-95.7908
2026-09-16,US,weather_uv,5.5,45.5234,-122.6762
2026-09-16,US,weather_uv,5.5,45.4207,-122.6706
2026-09-16,US,weather_uv,5.5,45.4871,-122.8037
2026-09-16,US,weather_uv,5.65,44.0521,-123.0867
2026-09-16,US,weather_uv,5.55,44.9429,-123.0351
2026-09-16,US,weather_uv,5.9,39.9524,-75.1636
2026-09-16,US,weather_uv,5.7,40.4406,-79.9959
2026-09-16,US,weather_uv,6.05,40.0379,-76.3055
2026-09-16,US,weather_uv,5.85,39.961,-75.608
2026-09-16,US,weather_uv,5.8,40.3101,-75.1299
2026-09-16,US,weather_uv,6.05,41.824,-71.4128
2026-09-16,US,weather_uv,6.1,41.7407,-71.3087
2026-09-16,US,weather_uv,6.1,41.7798,-71.4373
2026-09-16,US,weather_uv,6.1,41.7001,-71.4162
2026-09-16,US,weather_uv,6.1,41.6604,-71.4559
2026-09-16,US,weather_uv,7.0,34.8526,-82.394
2026-09-16,US,weather_uv,7.2,32.7763,-79.9327
2026-09-16,US,weather_uv,7.2,32.7941,-79.8626
2026-09-16,US,weather_uv,7.05,34.0007,-81.0348
2026-09-16,US,weather_uv,7.0,33.6891,-78.8867
2026-09-16,US,weather_uv,5.9,43.55,-96.7003
2026-09-16,US,weather_uv,5.75,44.0805,-103.231
2026-09-16,US,weather_uv,5.6,43.3541,-96.892
2026-09-16,US,weather_uv,4.75,44.0061,-97.114
2026-09-16,US,weather_uv,3.5,45.4647,-98.4865
2026-09-16,US,weather_uv,6.55,36.1659,-86.7844
2026-09-16,US,weather_uv,6.55,35.9606,-83.9207
2026-09-16,US,weather_uv,6.55,35.1495,-90.049
2026-09-16,US,weather_uv,6.55,35.9251,-86.8689
2026-09-16,US,weather_uv,6.7,35.0456,-85.3097
2026-09-16,US,weather_uv,7.4,29.7633,-95.3633
2026-09-16,US,weather_uv,7.25,30.2672,-97.7431
2026-09-16,US,weather_uv,7.05,32.7831,-96.8067
2026-09-16,US,weather_uv,7.65,29.4241,-98.4936
2026-09-16,US,weather_uv,7.05,32.7254,-97.3208
2026-09-16,US,weather_uv,6.6,40.7608,-111.8911
2026-09-16,US,weather_uv,6.65,40.5622,-111.9297
2026-09-16,US,weather_uv,6.75,40.6461,-111.498
2026-09-16,US,weather_uv,6.65,40.5916,-111.8841
2026-09-16,US,weather_uv,6.3,38.8048,-77.0469
2026-09-16,US,weather_uv,6.3,38.881,-77.1043
2026-09-16,US,weather_uv,6.6,36.8529,-75.978
2026-09-16,US,weather_uv,6.5,37.5538,-77.4603
2026-09-16,US,weather_uv,6.3,38.8462,-77.3064
2026-09-16,US,weather_uv,4.7,44.4759,-73.2121
2026-09-16,US,weather_uv,4.7,44.4906,-73.111
2026-09-16,US,weather_uv,4.35,44.5939,-72.6165
2026-09-16,US,weather_uv,4.7,44.467,-73.171
2026-09-16,US,weather_uv,4.35,44.4653,-72.6846
2026-09-16,US,weather_uv,5.2,47.6062,-122.3321
2026-09-16,US,weather_uv,5.2,47.6104,-122.2007
2026-09-16,US,weather_uv,5.45,45.6387,-122.6615
2026-09-16,US,weather_uv,5.25,47.2529,-122.4443
2026-09-16,US,weather_uv,3.5,43.0389,-87.9065
2026-09-16,US,weather_uv,3.8,43.0731,-89.4012
2026-09-16,US,weather_uv,2.85,43.0117,-88.2315
2026-09-16,US,weather_uv,4.3,43.1133,-87.9001
2026-09-16,US,weather_uv,4.8,44.2619,-88.4154
2026-09-16,US,weather_uv,6.3,39.6295,-79.9559
2026-09-16,US,weather_uv,6.2,38.4192,-82.4451
2026-09-16,US,weather_uv,6.25,38.3498,-81.6326
2026-09-16,US,weather_uv,5.9,40.064,-80.7209
2026-09-16,US,weather_uv,6.2,38.4326,-82.0201
2026-09-16,US,weather_uv,5.85,41.14,-104.8203
2026-09-16,US,weather_uv,5.9,44.7972,-106.9562
2026-09-16,US,weather_uv,6.65,41.5875,-109.2029
2026-09-16,US,weather_uv,6.15,44.5263,-109.0565
2026-09-16,US,weather_uv,6.4,42.8666,-106.3131
2026-09-16,US,weather_uv,6.3,38.8951,-77.0364
2026-09-16,US,weather_uv,5.3,47.6777,-116.7805
2026-09-16,US,weather_uv,6.75,40.3144,-111.9849
2026-09-16,US,weather_uv,5.3,47.6569,-117.425
2026-09-16,US,weather_yesterday_rain,0.154,61.2181,-149.9003
2026-09-16,US,weather_yesterday_rain,0.177,64.8378,-147.7164
2026-09-16,US,weather_yesterday_rain,0.004,57.0532,-135.3309
2026-09-16,US,weather_yesterday_rain,0.146,60.5432,-145.7587
2026-09-16,US,weather_yesterday_rain,0.177,61.5809,-149.4415
2026-09-16,US,weather_yesterday_rain,0.0,33.5207,-86.8025
2026-09-16,US,weather_yesterday_rain,0.0,34.7304,-86.5859
2026-09-16,US,weather_yesterday_rain,0.016,30.6944,-88.043
2026-09-16,US,weather_yesterday_rain,0.0,34.6993,-86.7483
2026-09-16,US,weather_yesterday_rain,0.02,30.523,-87.9033
2026-09-16,US,weather_yesterday_rain,0.031,34.7465,-92.2896
2026-09-16,US,weather_yesterday_rain,0.106,35.8423,-90.7043
2026-09-16,US,weather_yesterday_rain,0.0,36.3728,-94.2088
2026-09-16,US,weather_yesterday_rain,0.004,36.0626,-94.1574
2026-09-16,US,weather_yesterday_rain,0.0,36.332,-94.1185
2026-09-16,US,weather_yesterday_rain,0.134,33.4484,-112.074
2026-09-16,US,weather_yesterday_rain,0.378,32.2217,-110.9265
2026-09-16,US,weather_yesterday_rain,0.114,33.5092,-111.899
2026-09-16,US,weather_yesterday_rain,0.346,33.3528,-111.789
2026-09-16,US,weather_yesterday_rain,0.449,33.4223,-111.8226
2026-09-16,US,weather_yesterday_rain,0.0,34.0522,-118.2437
2026-09-16,US,weather_yesterday_rain,0.0,37.7749,-122.4194
2026-09-16,US,weather_yesterday_rain,0.0,32.7157,-117.1647
2026-09-16,US,weather_yesterday_rain,0.0,37.3394,-121.895
2026-09-16,US,weather_yesterday_rain,0.0,37.8044,-122.2708
2026-09-16,US,weather_yesterday_rain,0.0,39.7392,-104.9847
2026-09-16,US,weather_yesterday_rain,0.008,38.8339,-104.8214
2026-09-16,US,weather_yesterday_rain,0.0,39.6133,-105.0166
2026-09-16,US,weather_yesterday_rain,0.0,39.7294,-104.8319
2026-09-16,US,weather_yesterday_rain,0.0,40.5853,-105.0844
2026-09-16,US,weather_yesterday_rain,0.0,41.1176,-73.4079
2026-09-16,US,weather_yesterday_rain,0.0,41.0265,-73.6285
2026-09-16,US,weather_yesterday_rain,0.0,41.0534,-73.5387
2026-09-16,US,weather_yesterday_rain,0.0,41.1412,-73.2637
2026-09-16,US,weather_yesterday_rain,0.0,41.1468,-73.4948
2026-09-16,US,weather_yesterday_rain,0.0,39.746,-75.5466
2026-09-16,US,weather_yesterday_rain,0.0,39.6595,-75.5636
2026-09-16,US,weather_yesterday_rain,0.0,38.7746,-75.1393
2026-09-16,US,weather_yesterday_rain,0.0,39.6837,-75.7497
2026-09-16,US,weather_yesterday_rain,0.0,39.4496,-75.7163
2026-09-16,US,weather_yesterday_rain,0.079,25.7743,-80.1937
2026-09-16,US,weather_yesterday_rain,0.492,28.5383,-81.3792
2026-09-16,US,weather_yesterday_rain,0.118,26.1423,-81.796
2026-09-16,US,weather_yesterday_rain,0.177,27.9475,-82.4584
2026-09-16,US,weather_yesterday_rain,0.087,26.3587,-80.0831
2026-09-16,US,weather_yesterday_rain,0.055,33.749,-84.388
2026-09-16,US,weather_yesterday_rain,0.059,33.9526,-84.5499
2026-09-16,US,weather_yesterday_rain,0.205,32.0835,-81.0998
2026-09-16,US,weather_yesterday_rain,0.063,34.0754,-84.2941
2026-09-16,US,weather_yesterday_rain,0.043,33.7748,-84.2963
2026-09-16,US,weather_yesterday_rain,0.091,21.3069,-157.8583
2026-09-16,US,weather_yesterday_rain,0.106,21.4504,-158.015
2026-09-16,US,weather_yesterday_rain,0.075,21.3156,-158.0072
2026-09-16,US,weather_yesterday_rain,0.075,21.4024,-157.7405
2026-09-16,US,weather_yesterday_rain,0.075,21.3999,-157.7989
2026-09-16,US,weather_yesterday_rain,1.067,42.0083,-91.6441
2026-09-16,US,weather_yesterday_rain,0.76,41.6611,-91.5302
2026-09-16,US,weather_yesterday_rain,1.016,41.6005,-93.6091
2026-09-16,US,weather_yesterday_rain,1.461,42.0347,-93.6199
2026-09-16,US,weather_yesterday_rain,0.949,41.5772,-93.7113
2026-09-16,US,weather_yesterday_rain,0.0,43.6135,-116.2035
2026-09-16,US,weather_yesterday_rain,0.0,43.6121,-116.3915
2026-09-16,US,weather_yesterday_rain,0.0,43.6954,-116.354
2026-09-16,US,weather_yesterday_rain,0.0,43.4918,-116.4201
2026-09-16,US,weather_yesterday_rain,0.232,41.85,-87.65
2026-09-16,US,weather_yesterday_rain,0.394,41.7859,-88.1473
2026-09-16,US,weather_yesterday_rain,0.287,42.0411,-87.6901
2026-09-16,US,weather_yesterday_rain,0.287,42.0722,-87.7228
2026-09-16,US,weather_yesterday_rain,0.374,41.8089,-88.0112
2026-09-16,US,weather_yesterday_rain,0.004,39.7684,-86.158
2026-09-16,US,weather_yesterday_rain,0.02,39.9784,-86.118
2026-09-16,US,weather_yesterday_rain,0.0,41.1306,-85.1289
2026-09-16,US,weather_yesterday_rain,0.0,39.1653,-86.5264
2026-09-16,US,weather_yesterday_rain,0.059,40.4259,-86.9081
2026-09-16,US,weather_yesterday_rain,0.059,37.6922,-97.3375
2026-09-16,US,weather_yesterday_rain,0.039,38.9822,-94.6708
2026-09-16,US,weather_yesterday_rain,0.012,38.8814,-94.8191
2026-09-16,US,weather_yesterday_rain,0.051,38.9717,-95.2352
2026-09-16,US,weather_yesterday_rain,0.024,38.9667,-94.6169
2026-09-16,US,weather_yesterday_rain,0.012,38.2542,-85.7594
2026-09-16,US,weather_yesterday_rain,0.0,37.9887,-84.4777
2026-09-16,US,weather_yesterday_rain,0.016,36.9903,-86.4436
2026-09-16,US,weather_yesterday_rain,0.024,37.0834,-88.6
2026-09-16,US,weather_yesterday_rain,0.02,36.6084,-83.7166
2026-09-16,US,weather_yesterday_rain,0.094,30.4433,-91.1875
2026-09-16,US,weather_yesterday_rain,0.004,29.9547,-90.0751
2026-09-16,US,weather_yesterday_rain,0.008,30.2241,-92.0198
2026-09-16,US,weather_yesterday_rain,0.004,32.5251,-93.7502
2026-09-16,US,weather_yesterday_rain,0.004,29.9841,-90.1529
2026-09-16,US,weather_yesterday_rain,0.0,42.5256,-71.0953
2026-09-16,US,weather_yesterday_rain,0.0,42.3584,-71.0598
2026-09-16,US,weather_yesterday_rain,0.0,42.3751,-71.1056
2026-09-16,US,weather_yesterday_rain,0.0,41.8459,-71.0828
2026-09-16,US,weather_yesterday_rain,0.0,42.3876,-71.0995
2026-09-16,US,weather_yesterday_rain,0.0,39.2904,-76.6122
2026-09-16,US,weather_yesterday_rain,0.0,38.9807,-77.1003
2026-09-16,US,weather_yesterday_rain,0.0,38.9907,-77.0261
2026-09-16,US,weather_yesterday_rain,0.0,39.084,-77.1528
2026-09-16,US,weather_yesterday_rain,0.0,38.9786,-76.4918
2026-09-16,US,weather_yesterday_rain,0.0,43.6574,-70.2589
2026-09-16,US,weather_yesterday_rain,0.0,43.5781,-70.3217
2026-09-16,US,weather_yesterday_rain,0.0,43.7295,-70.242
2026-09-16,US,weather_yesterday_rain,0.0,44.7988,-68.7726
2026-09-16,US,weather_yesterday_rain,0.0,43.1531,-70.8001
2026-09-16,US,weather_yesterday_rain,0.051,42.2776,-83.7409
2026-09-16,US,weather_yesterday_rain,0.654,42.9634,-85.6681
2026-09-16,US,weather_yesterday_rain,0.165,42.5836,-83.2455
2026-09-16,US,weather_yesterday_rain,0.016,42.3714,-83.4702
2026-09-16,US,weather_yesterday_rain,0.437,42.7009,-82.9591
2026-09-16,US,weather_yesterday_rain,0.051,44.98,-93.2638
2026-09-16,US,weather_yesterday_rain,0.059,44.9444,-93.0933
2026-09-16,US,weather_yesterday_rain,0.035,45.0105,-93.4555
2026-09-16,US,weather_yesterday_rain,0.028,44.9133,-93.5033
2026-09-16,US,weather_yesterday_rain,0.028,44.8547,-93.4708
2026-09-16,US,weather_yesterday_rain,0.035,38.6517,-90.2053
2026-09-16,US,weather_yesterday_rain,0.091,39.0997,-94.5786
2026-09-16,US,weather_yesterday_rain,0.004,38.6631,-90.5771
2026-09-16,US,weather_yesterday_rain,0.012,38.7839,-90.4812
2026-09-16,US,weather_yesterday_rain,0.004,37.2153,-93.2982
2026-09-16,US,weather_yesterday_rain,0.0,32.4618,-90.1154
2026-09-16,US,weather_yesterday_rain,0.004,30.3674,-89.0928
2026-09-16,US,weather_yesterday_rain,0.004,31.3271,-89.2903
2026-09-16,US,weather_yesterday_rain,0.0,32.2988,-90.1848
2026-09-16,US,weather_yesterday_rain,0.004,34.989,-90.0126
2026-09-16,US,weather_yesterday_rain,0.0,45.6797,-111.0386
2026-09-16,US,weather_yesterday_rain,0.0,45.7833,-108.5007
2026-09-16,US,weather_yesterday_rain,0.0,47.5002,-111.3008
2026-09-16,US,weather_yesterday_rain,0.0,46.8721,-113.994
2026-09-16,US,weather_yesterday_rain,0.0,48.1958,-114.3129
2026-09-16,US,weather_yesterday_rain,0.0,35.2271,-80.8431
2026-09-16,US,weather_yesterday_rain,0.0,35.7721,-78.6386
2026-09-16,US,weather_yesterday_rain,0.0,35.994,-78.8986
2026-09-16,US,weather_yesterday_rain,0.0,34.2356,-77.946
2026-09-16,US,weather_yesterday_rain,0.0,35.9132,-79.0558
2026-09-16,US,weather_yesterday_rain,0.0,46.8772,-96.7898
2026-09-16,US,weather_yesterday_rain,0.0,46.875,-96.9004
2026-09-16,US,weather_yesterday_rain,0.0,46.8083,-100.7837
2026-09-16,US,weather_yesterday_rain,0.0,46.8792,-102.7896
2026-09-16,US,weather_yesterday_rain,0.016,47.9253,-97.0328
2026-09-16,US,weather_yesterday_rain,1.122,41.2563,-95.9404
2026-09-16,US,weather_yesterday_rain,2.354,40.8,-96.667
2026-09-16,US,weather_yesterday_rain,0.969,41.345,-96.256
2026-09-16,US,weather_yesterday_rain,1.106,41.1367,-95.8908
2026-09-16,US,weather_yesterday_rain,1.11,41.1544,-96.0422
2026-09-16,US,weather_yesterday_rain,0.0,42.9956,-71.4548
2026-09-16,US,weather_yesterday_rain,0.0,42.7654,-71.4676
2026-09-16,US,weather_yesterday_rain,0.0,42.9376,-70.8389
2026-09-16,US,weather_yesterday_rain,0.0,43.077,-70.7577
2026-09-16,US,weather_yesterday_rain,0.0,42.9815,-70.9478
2026-09-16,US,weather_yesterday_rain,0.0,40.7282,-74.0776
2026-09-16,US,weather_yesterday_rain,0.0,40.744,-74.0324
2026-09-16,US,weather_yesterday_rain,0.0,40.7968,-74.4815
2026-09-16,US,weather_yesterday_rain,0.0,40.659,-74.3474
2026-09-16,US,weather_yesterday_rain,0.0,40.3487,-74.659
2026-09-16,US,weather_yesterday_rain,0.181,35.0845,-106.6511
2026-09-16,US,weather_yesterday_rain,0.091,35.687,-105.9378
2026-09-16,US,weather_yesterday_rain,0.059,32.3123,-106.7783
2026-09-16,US,weather_yesterday_rain,0.496,35.0809,-106.3881
2026-09-16,US,weather_yesterday_rain,0.177,35.8881,-106.307
2026-09-16,US,weather_yesterday_rain,0.043,36.0397,-114.9819
2026-09-16,US,weather_yesterday_rain,0.004,36.175,-115.1372
2026-09-16,US,weather_yesterday_rain,0.0,39.5296,-119.8138
2026-09-16,US,weather_yesterday_rain,0.0,39.1638,-119.7674
2026-09-16,US,weather_yesterday_rain,0.004,36.1989,-115.1175
2026-09-16,US,weather_yesterday_rain,0.0,40.7143,-74.006
2026-09-16,US,weather_yesterday_rain,0.0,40.6501,-73.9496
2026-09-16,US,weather_yesterday_rain,0.0,40.8499,-73.8664
2026-09-16,US,weather_yesterday_rain,0.0,40.5623,-74.1399
2026-09-16,US,weather_yesterday_rain,0.0,40.7721,-73.9301
2026-09-16,US,weather_yesterday_rain,0.0,39.1271,-84.5144
2026-09-16,US,weather_yesterday_rain,0.0,39.9612,-82.9988
2026-09-16,US,weather_yesterday_rain,0.0,39.7589,-84.1916
2026-09-16,US,weather_yesterday_rain,0.0,40.0992,-83.1141
2026-09-16,US,weather_yesterday_rain,0.0,41.4995,-81.6954
2026-09-16,US,weather_yesterday_rain,0.004,35.6528,-97.4781
2026-09-16,US,weather_yesterday_rain,0.0,36.154,-95.9928
2026-09-16,US,weather_yesterday_rain,0.0,35.4676,-97.5164
2026-09-16,US,weather_yesterday_rain,0.0,35.2226,-97.4395
2026-09-16,US,weather_yesterday_rain,0.0,36.0526,-95.7908
2026-09-16,US,weather_yesterday_rain,0.035,45.5234,-122.6762
2026-09-16,US,weather_yesterday_rain,0.024,45.4207,-122.6706
2026-09-16,US,weather_yesterday_rain,0.067,45.4871,-122.8037
2026-09-16,US,weather_yesterday_rain,0.008,44.0521,-123.0867
2026-09-16,US,weather_yesterday_rain,0.012,44.9429,-123.0351
2026-09-16,US,weather_yesterday_rain,0.0,39.9524,-75.1636
2026-09-16,US,weather_yesterday_rain,0.0,40.4406,-79.9959
2026-09-16,US,weather_yesterday_rain,0.0,40.0379,-76.3055
2026-09-16,US,weather_yesterday_rain,0.0,39.961,-75.608
2026-09-16,US,weather_yesterday_rain,0.0,40.3101,-75.1299
2026-09-16,US,weather_yesterday_rain,0.0,41.824,-71.4128
2026-09-16,US,weather_yesterday_rain,0.0,41.7407,-71.3087
2026-09-16,US,weather_yesterday_rain,0.0,41.7798,-71.4373
2026-09-16,US,weather_yesterday_rain,0.0,41.7001,-71.4162
2026-09-16,US,weather_yesterday_rain,0.0,41.6604,-71.4559
2026-09-16,US,weather_yesterday_rain,0.012,34.8526,-82.394
2026-09-16,US,weather_yesterday_rain,0.028,32.7763,-79.9327
2026-09-16,US,weather_yesterday_rain,0.028,32.7941,-79.8626
2026-09-16,US,weather_yesterday_rain,0.0,34.0007,-81.0348
2026-09-16,US,weather_yesterday_rain,0.0,33.6891,-78.8867
2026-09-16,US,weather_yesterday_rain,0.0,43.55,-96.7003
2026-09-16,US,weather_yesterday_rain,0.0,44.0805,-103.231
2026-09-16,US,weather_yesterday_rain,0.0,43.3541,-96.892
2026-09-16,US,weather_yesterday_rain,0.0,44.0061,-97.114
2026-09-16,US,weather_yesterday_rain,0.0,45.4647,-98.4865
2026-09-16,US,weather_yesterday_rain,0.02,36.1659,-86.7844
2026-09-16,US,weather_yesterday_rain,0.004,35.9606,-83.9207
2026-09-16,US,weather_yesterday_rain,0.008,35.1495,-90.049
2026-09-16,US,weather_yesterday_rain,0.016,35.9251,-86.8689
2026-09-16,US,weather_yesterday_rain,0.004,35.0456,-85.3097
2026-09-16,US,weather_yesterday_rain,0.146,29.7633,-95.3633
2026-09-16,US,weather_yesterday_rain,0.0,30.2672,-97.7431
2026-09-16,US,weather_yesterday_rain,0.004,32.7831,-96.8067
2026-09-16,US,weather_yesterday_rain,0.008,29.4241,-98.4936
2026-09-16,US,weather_yesterday_rain,0.0,32.7254,-97.3208
2026-09-16,US,weather_yesterday_rain,0.0,40.7608,-111.8911
2026-09-16,US,weather_yesterday_rain,0.0,40.5622,-111.9297
2026-09-16,US,weather_yesterday_rain,0.0,40.6461,-111.498
2026-09-16,US,weather_yesterday_rain,0.0,40.5916,-111.8841
2026-09-16,US,weather_yesterday_rain,0.0,38.8048,-77.0469
2026-09-16,US,weather_yesterday_rain,0.0,38.881,-77.1043
2026-09-16,US,weather_yesterday_rain,0.0,36.8529,-75.978
2026-09-16,US,weather_yesterday_rain,0.0,37.5538,-77.4603
2026-09-16,US,weather_yesterday_rain,0.0,38.8462,-77.3064
2026-09-16,US,weather_yesterday_rain,0.0,44.4759,-73.2121
2026-09-16,US,weather_yesterday_rain,0.0,44.4906,-73.111
2026-09-16,US,weather_yesterday_rain,0.0,44.5939,-72.6165
2026-09-16,US,weather_yesterday_rain,0.0,44.467,-73.171
2026-09-16,US,weather_yesterday_rain,0.0,44.4653,-72.6846
2026-09-16,US,weather_yesterday_rain,0.012,47.6062,-122.3321
2026-09-16,US,weather_yesterday_rain,0.024,47.6104,-122.2007
2026-09-16,US,weather_yesterday_rain,0.035,45.6387,-122.6615
2026-09-16,US,weather_yesterday_rain,0.114,47.2529,-122.4443
2026-09-16,US,weather_yesterday_rain,0.965,43.0389,-87.9065
2026-09-16,US,weather_yesterday_rain,0.539,43.0731,-89.4012
2026-09-16,US,weather_yesterday_rain,1.142,43.0117,-88.2315
2026-09-16,US,weather_yesterday_rain,1.154,43.1133,-87.9001
2026-09-16,US,weather_yesterday_rain,1.335,44.2619,-88.4154
2026-09-16,US,weather_yesterday_rain,0.0,39.6295,-79.9559
2026-09-16,US,weather_yesterday_rain,0.0,38.4192,-82.4451
2026-09-16,US,weather_yesterday_rain,0.0,38.3498,-81.6326
2026-09-16,US,weather_yesterday_rain,0.0,40.064,-80.7209
2026-09-16,US,weather_yesterday_rain,0.0,38.4326,-82.0201
2026-09-16,US,weather_yesterday_rain,0.0,41.14,-104.8203
2026-09-16,US,weather_yesterday_rain,0.0,44.7972,-106.9562
2026-09-16,US,weather_yesterday_rain,0.0,41.5875,-109.2029
2026-09-16,US,weather_yesterday_rain,0.0,44.5263,-109.0565
2026-09-16,US,weather_yesterday_rain,0.0,42.8666,-106.3131
2026-09-16,US,weather_yesterday_rain,0.0,38.8951,-77.0364
2026-09-16,US,weather_yesterday_rain,0.0,47.6777,-116.7805
2026-09-16,US,weather_yesterday_rain,0.0,40.3144,-111.9849
2026-09-16,US,weather_yesterday_rain,0.0,47.6569,-117.425
