City,State,Lat,Lon,Marketing_Action,Rain_Amount,Yesterday_Rain,Max_UV_Index,Logic_Summary
Calgary,Alberta,51.0501,-114.0853,Baseline,0.169,0.004,4.85,Region CA: Open-Meteo forecast + archive (NWS not used) | Next-24h precip (Open-Meteo 24h model) 0.169 in (umbrella threshold 0.20 in; heavy 0.50 in) | Previous-24h rain (Open-Meteo archive) 0.004 in (residual threshold 0.50 in) | Daily max UV (Open-Meteo) 4.8 (threshold 8) | No marketing threshold met.
Edmonton,Alberta,53.5501,-113.4687,Baseline,0.000,0.000,4.85,Region CA: Open-Meteo forecast + archive (NWS not used) | Next-24h precip (Open-Meteo 24h model) 0.000 in (umbrella threshold 0.20 in; heavy 0.50 in) | Previous-24h rain (Open-Meteo archive) 0.000 in (residual threshold 0.50 in) | Daily max UV (Open-Meteo) 4.8 (threshold 8) | No marketing threshold met.
St. Albert,Alberta,53.6334,-113.6353,Baseline,0.000,0.000,4.85,Region CA: Open-Meteo forecast + archive (NWS not used) | Next-24h precip (Open-Meteo 24h model) 0.000 in (umbrella threshold 0.20 in; heavy 0.50 in) | Previous-24h rain (Open-Meteo archive) 0.000 in (residual threshold 0.50 in) | Daily max UV (Open-Meteo) 4.8 (threshold 8) | No marketing threshold met.
Wainwright,Alberta,52.8348,-110.8534,Baseline,0.016,0.020,4.95,Region CA: Open-Meteo forecast + archive (NWS not used) | Next-24h precip (Open-Meteo 24h model) 0.016 in (umbrella threshold 0.20 in; heavy 0.50 in) | Previous-24h rain (Open-Meteo archive) 0.020 in (residual threshold 0.50 in) | Daily max UV (Open-Meteo) 5.0 (threshold 8) | No marketing threshold met.
West Baptiste,Alberta,54.7502,-113.5688,Baseline,0.000,0.004,4.40,Region CA: Open-Meteo forecast + archive (NWS not used) | Next-24h precip (Open-Meteo 24h model) 0.000 in (umbrella threshold 0.20 in; heavy 0.50 in) | Previous-24h rain (Open-Meteo archive) 0.004 in (residual threshold 0.50 in) | Daily max UV (Open-Meteo) 4.4 (threshold 8) | No marketing threshold met.
Vancouver,British Columbia,49.2497,-123.1193,Baseline,0.000,0.000,3.65,Region CA: Open-Meteo forecast + archive (NWS not used) | Next-24h precip (Open-Meteo 24h model) 0.000 in (umbrella threshold 0.20 in; heavy 0.50 in) | Previous-24h rain (Open-Meteo archive) 0.000 in (residual threshold 0.50 in) | Daily max UV (Open-Meteo) 3.6 (threshold 8) | No marketing threshold met.
Victoria,British Columbia,48.4359,-123.3516,Baseline,0.000,0.000,5.10,Region CA: Open-Meteo forecast + archive (NWS not used) | Next-24h precip (Open-Meteo 24h model) 0.000 in (umbrella threshold 0.20 in; heavy 0.50 in) | Previous-24h rain (Open-Meteo archive) 0.000 in (residual threshold 0.50 in) | Daily max UV (Open-Meteo) 5.1 (threshold 8) | No marketing threshold met.
Surrey,British Columbia,49.1063,-122.8251,Baseline,0.000,0.000,2.25,Region CA: Open-Meteo forecast + archive (NWS not used) | Next-24h precip (Open-Meteo 24h model) 0.000 in (umbrella threshold 0.20 in; heavy 0.50 in) | Previous-24h rain (Open-Meteo archive) 0.000 in (residual threshold 0.50 in) | Daily max UV (Open-Meteo) 2.2 (threshold 8) | No marketing threshold met.
Burnaby,British Columbia,49.2664,-122.9526,Baseline,0.000,0.000,2.45,Region CA: Open-Meteo forecast + archive (NWS not used) | Next-24h precip (Open-Meteo 24h model) 0.000 in (umbrella threshold 0.20 in; heavy 0.50 in) | Previous-24h rain (Open-Meteo archive) 0.000 in (residual threshold 0.50 in) | Daily max UV (Open-Meteo) 2.5 (threshold 8) | No marketing threshold met.
North Vancouver,British Columbia,49.3164,-123.0693,Baseline,0.000,0.000,3.15,Region CA: Open-Meteo forecast + archive (NWS not used) | Next-24h precip (Open-Meteo 24h model) 0.000 in (umbrella threshold 0.20 in; heavy 0.50 in) | Previous-24h rain (Open-Meteo archive) 0.000 in (residual threshold 0.50 in) | Daily max UV (Open-Meteo) 3.1 (threshold 8) | No marketing threshold met.
Headingley,Manitoba,49.8753,-97.4090,Baseline,0.000,0.000,5.15,Region CA: Open-Meteo forecast + archive (NWS not used) | Next-24h precip (Open-Meteo 24h model) 0.000 in (umbrella threshold 0.20 in; heavy 0.50 in) | Previous-24h rain (Open-Meteo archive) 0.000 in (residual threshold 0.50 in) | Daily max UV (Open-Meteo) 5.2 (threshold 8) | No marketing threshold met.
Winnipeg,Manitoba,49.8844,-97.1470,Baseline,0.000,0.000,5.15,Region CA: Open-Meteo forecast + archive (NWS not used) | Next-24h precip (Open-Meteo 24h model) 0.000 in (umbrella threshold 0.20 in; heavy 0.50 in) | Previous-24h rain (Open-Meteo archive) 0.000 in (residual threshold 0.50 in) | Daily max UV (Open-Meteo) 5.2 (threshold 8) | No marketing threshold met.
Brandon,Manitoba,49.8469,-99.9531,Baseline,0.000,0.000,5.30,Region CA: Open-Meteo forecast + archive (NWS not used) | Next-24h precip (Open-Meteo 24h model) 0.000 in (umbrella threshold 0.20 in; heavy 0.50 in) | Previous-24h rain (Open-Meteo archive) 0.000 in (residual threshold 0.50 in) | Daily max UV (Open-Meteo) 5.3 (threshold 8) | No marketing threshold met.
Steinbach,Manitoba,49.5258,-96.6845,Baseline,0.000,0.004,5.15,Region CA: Open-Meteo forecast + archive (NWS not used) | Next-24h precip (Open-Meteo 24h model) 0.000 in (umbrella threshold 0.20 in; heavy 0.50 in) | Previous-24h rain (Open-Meteo archive) 0.004 in (residual threshold 0.50 in) | Daily max UV (Open-Meteo) 5.2 (threshold 8) | No marketing threshold met.
Thompson,Manitoba,55.7435,-97.8558,Baseline,0.000,0.142,4.35,Region CA: Open-Meteo forecast + archive (NWS not used) | Next-24h precip (Open-Meteo 24h model) 0.000 in (umbrella threshold 0.20 in; heavy 0.50 in) | Previous-24h rain (Open-Meteo archive) 0.142 in (residual threshold 0.50 in) | Daily max UV (Open-Meteo) 4.3 (threshold 8) | No marketing threshold met.
Moncton,New Brunswick,46.0945,-64.7965,Baseline,0.047,0.000,5.35,Region CA: Open-Meteo forecast + archive (NWS not used) | Next-24h precip (Open-Meteo 24h model) 0.047 in (umbrella threshold 0.20 in; heavy 0.50 in) | Previous-24h rain (Open-Meteo archive) 0.000 in (residual threshold 0.50 in) | Daily max UV (Open-Meteo) 5.3 (threshold 8) | No marketing threshold met.
Saint John,New Brunswick,45.2708,-66.0562,Baseline,0.185,0.000,3.95,Region CA: Open-Meteo forecast + archive (NWS not used) | Next-24h precip (Open-Meteo 24h model) 0.185 in (umbrella threshold 0.20 in; heavy 0.50 in) | Previous-24h rain (Open-Meteo archive) 0.000 in (residual threshold 0.50 in) | Daily max UV (Open-Meteo) 4.0 (threshold 8) | No marketing threshold met.
Fredericton,New Brunswick,45.9454,-66.6656,Baseline,0.091,0.000,4.60,Region CA: Open-Meteo forecast + archive (NWS not used) | Next-24h precip (Open-Meteo 24h model) 0.091 in (umbrella threshold 0.20 in; heavy 0.50 in) | Previous-24h rain (Open-Meteo archive) 0.000 in (residual threshold 0.50 in) | Daily max UV (Open-Meteo) 4.6 (threshold 8) | No marketing threshold met.
Dieppe,New Brunswick,46.0784,-64.6873,Scale Umbrellas,0.374,0.000,5.45,Region CA: Open-Meteo forecast + archive (NWS not used) | Next-24h precip (Open-Meteo 24h model) 0.374 in (umbrella threshold 0.20 in; heavy 0.50 in) | Previous-24h rain (Open-Meteo archive) 0.000 in (residual threshold 0.50 in) | Daily max UV (Open-Meteo) 5.5 (threshold 8) | Triggered by: forecast precip ≥ 0.20 in
Miramichi,New Brunswick,47.0290,-65.5019,Baseline,0.016,0.000,5.05,Region CA: Open-Meteo forecast + archive (NWS not used) | Next-24h precip (Open-Meteo 24h model) 0.016 in (umbrella threshold 0.20 in; heavy 0.50 in) | Previous-24h rain (Open-Meteo archive) 0.000 in (residual threshold 0.50 in) | Daily max UV (Open-Meteo) 5.0 (threshold 8) | No marketing threshold met.
St. John's,Newfoundland and Labrador,47.5649,-52.7093,Baseline,0.000,0.031,4.90,Region CA: Open-Meteo forecast + archive (NWS not used) | Next-24h precip (Open-Meteo 24h model) 0.000 in (umbrella threshold 0.20 in; heavy 0.50 in) | Previous-24h rain (Open-Meteo archive) 0.031 in (residual threshold 0.50 in) | Daily max UV (Open-Meteo) 4.9 (threshold 8) | No marketing threshold met.
Mount Pearl,Newfoundland and Labrador,47.5166,-52.7814,Baseline,0.000,0.020,4.85,Region CA: Open-Meteo forecast + archive (NWS not used) | Next-24h precip (Open-Meteo 24h model) 0.000 in (umbrella threshold 0.20 in; heavy 0.50 in) | Previous-24h rain (Open-Meteo archive) 0.020 in (residual threshold 0.50 in) | Daily max UV (Open-Meteo) 4.8 (threshold 8) | No marketing threshold met.
Corner Brook,Newfoundland and Labrador,48.9500,-57.9520,Baseline,0.047,0.157,5.05,Region CA: Open-Meteo forecast + archive (NWS not used) | Next-24h precip (Open-Meteo 24h model) 0.047 in (umbrella threshold 0.20 in; heavy 0.50 in) | Previous-24h rain (Open-Meteo archive) 0.157 in (residual threshold 0.50 in) | Daily max UV (Open-Meteo) 5.0 (threshold 8) | No marketing threshold met.
Halifax,Nova Scotia,44.6427,-63.5769,Scale Umbrellas,2.382,0.000,5.35,Region CA: Open-Meteo forecast + archive (NWS not used) | Next-24h precip (Open-Meteo 24h model) 2.382 in (umbrella threshold 0.20 in; heavy 0.50 in) | Previous-24h rain (Open-Meteo archive) 0.000 in (residual threshold 0.50 in) | Daily max UV (Open-Meteo) 5.3 (threshold 8) | Triggered by: forecast precip ≥ 0.50 in
Dartmouth,Nova Scotia,44.6713,-63.5772,Scale Umbrellas,2.039,0.000,5.35,Region CA: Open-Meteo forecast + archive (NWS not used) | Next-24h precip (Open-Meteo 24h model) 2.039 in (umbrella threshold 0.20 in; heavy 0.50 in) | Previous-24h rain (Open-Meteo archive) 0.000 in (residual threshold 0.50 in) | Daily max UV (Open-Meteo) 5.3 (threshold 8) | Triggered by: forecast precip ≥ 0.50 in
Sydney,Nova Scotia,46.1351,-60.1831,Scale Umbrellas,0.669,0.000,4.85,Region CA: Open-Meteo forecast + archive (NWS not used) | Next-24h precip (Open-Meteo 24h model) 0.669 in (umbrella threshold 0.20 in; heavy 0.50 in) | Previous-24h rain (Open-Meteo archive) 0.000 in (residual threshold 0.50 in) | Daily max UV (Open-Meteo) 4.8 (threshold 8) | Triggered by: forecast precip ≥ 0.50 in
Truro,Nova Scotia,45.3668,-63.2654,Scale Umbrellas,2.012,0.000,5.25,Region CA: Open-Meteo forecast + archive (NWS not used) | Next-24h precip (Open-Meteo 24h model) 2.012 in (umbrella threshold 0.20 in; heavy 0.50 in) | Previous-24h rain (Open-Meteo archive) 0.000 in (residual threshold 0.50 in) | Daily max UV (Open-Meteo) 5.2 (threshold 8) | Triggered by: forecast precip ≥ 0.50 in
New Glasgow,Nova Scotia,45.5834,-62.6486,Scale Umbrellas,3.102,0.000,5.55,Region CA: Open-Meteo forecast + archive (NWS not used) | Next-24h precip (Open-Meteo 24h model) 3.102 in (umbrella threshold 0.20 in; heavy 0.50 in) | Previous-24h rain (Open-Meteo archive) 0.000 in (residual threshold 0.50 in) | Daily max UV (Open-Meteo) 5.5 (threshold 8) | Triggered by: forecast precip ≥ 0.50 in
Yellowknife,Northwest Territories,62.4541,-114.3725,Baseline,0.004,0.016,2.40,Region CA: Open-Meteo forecast + archive (NWS not used) | Next-24h precip (Open-Meteo 24h model) 0.004 in (umbrella threshold 0.20 in; heavy 0.50 in) | Previous-24h rain (Open-Meteo archive) 0.016 in (residual threshold 0.50 in) | Daily max UV (Open-Meteo) 2.4 (threshold 8) | No marketing threshold met.
Hay River,Northwest Territories,60.8156,-115.7999,Baseline,0.012,0.000,2.40,Region CA: Open-Meteo forecast + archive (NWS not used) | Next-24h precip (Open-Meteo 24h model) 0.012 in (umbrella threshold 0.20 in; heavy 0.50 in) | Previous-24h rain (Open-Meteo archive) 0.000 in (residual threshold 0.50 in) | Daily max UV (Open-Meteo) 2.4 (threshold 8) | No marketing threshold met.
Inuvik,Northwest Territories,68.3617,-133.7282,Baseline,0.055,0.126,0.00,Region CA: Open-Meteo forecast + archive (NWS not used) | Next-24h precip (Open-Meteo 24h model) 0.055 in (umbrella threshold 0.20 in; heavy 0.50 in) | Previous-24h rain (Open-Meteo archive) 0.126 in (residual threshold 0.50 in) | Daily max UV (Open-Meteo) 0.0 (threshold 8) | No marketing threshold met.
Fort Smith,Northwest Territories,60.0044,-111.8887,Baseline,0.004,0.000,0.00,Region CA: Open-Meteo forecast + archive (NWS not used) | Next-24h precip (Open-Meteo 24h model) 0.004 in (umbrella threshold 0.20 in; heavy 0.50 in) | Previous-24h rain (Open-Meteo archive) 0.000 in (residual threshold 0.50 in) | Daily max UV (Open-Meteo) 0.0 (threshold 8) | No marketing threshold met.
Behchokǫ̀,Northwest Territories,62.8025,-116.0464,Baseline,0.043,0.008,0.00,Region CA: Open-Meteo forecast + archive (NWS not used) | Next-24h precip (Open-Meteo 24h model) 0.043 in (umbrella threshold 0.20 in; heavy 0.50 in) | Previous-24h rain (Open-Meteo archive) 0.008 in (residual threshold 0.50 in) | Daily max UV (Open-Meteo) 0.0 (threshold 8) | No marketing threshold met.
Iqaluit,Nunavut,63.7470,-68.5173,Baseline,0.118,0.000,0.00,Region CA: Open-Meteo forecast + archive (NWS not used) | Next-24h precip (Open-Meteo 24h model) 0.118 in (umbrella threshold 0.20 in; heavy 0.50 in) | Previous-24h rain (Open-Meteo archive) 0.000 in (residual threshold 0.50 in) | Daily max UV (Open-Meteo) 0.0 (threshold 8) | No marketing threshold met.
Rankin Inlet,Nunavut,62.8091,-92.0853,Baseline,0.150,0.000,0.00,Region CA: Open-Meteo forecast + archive (NWS not used) | Next-24h precip (Open-Meteo 24h model) 0.150 in (umbrella threshold 0.20 in; heavy 0.50 in) | Previous-24h rain (Open-Meteo archive) 0.000 in (residual threshold 0.50 in) | Daily max UV (Open-Meteo) 0.0 (threshold 8) | No marketing threshold met.
Arviat,Nunavut,61.1088,-94.0585,Baseline,0.004,0.122,0.00,Region CA: Open-Meteo forecast + archive (NWS not used) | Next-24h precip (Open-Meteo 24h model) 0.004 in (umbrella threshold 0.20 in; heavy 0.50 in) | Previous-24h rain (Open-Meteo archive) 0.122 in (residual threshold 0.50 in) | Daily max UV (Open-Meteo) 0.0 (threshold 8) | No marketing threshold met.
Baker Lake,Nunavut,64.3201,-96.0212,Scale Umbrellas,0.283,0.000,0.00,Region CA: Open-Meteo forecast + archive (NWS not used) | Next-24h precip (Open-Meteo 24h model) 0.283 in (umbrella threshold 0.20 in; heavy 0.50 in) | Previous-24h rain (Open-Meteo archive) 0.000 in (residual threshold 0.50 in) | Daily max UV (Open-Meteo) 0.0 (threshold 8) | Triggered by: forecast precip ≥ 0.20 in
Cambridge Bay,Nunavut,69.1149,-105.0548,Baseline,0.000,0.091,0.00,Region CA: Open-Meteo forecast + archive (NWS not used) | Next-24h precip (Open-Meteo 24h model) 0.000 in (umbrella threshold 0.20 in; heavy 0.50 in) | Previous-24h rain (Open-Meteo archive) 0.091 in (residual threshold 0.50 in) | Daily max UV (Open-Meteo) 0.0 (threshold 8) | No marketing threshold met.
Toronto,Ontario,43.7064,-79.3986,Baseline,0.000,0.000,0.00,Region CA: Open-Meteo forecast + archive (NWS not used) | Next-24h precip (Open-Meteo 24h model) 0.000 in (umbrella threshold 0.20 in; heavy 0.50 in) | Previous-24h rain (Open-Meteo archive) 0.000 in (residual threshold 0.50 in) | Daily max UV (Open-Meteo) 0.0 (threshold 8) | No marketing threshold met.
Ottawa,Ontario,45.4112,-75.6981,Baseline,0.000,0.000,0.00,Region CA: Open-Meteo forecast + archive (NWS not used) | Next-24h precip (Open-Meteo 24h model) 0.000 in (umbrella threshold 0.20 in; heavy 0.50 in) | Previous-24h rain (Open-Meteo archive) 0.000 in (residual threshold 0.50 in) | Daily max UV (Open-Meteo) 0.0 (threshold 8) | No marketing threshold met.
Kingston,Ontario,44.2298,-76.4810,Baseline,0.000,0.000,0.00,Region CA: Open-Meteo forecast + archive (NWS not used) | Next-24h precip (Open-Meteo 24h model) 0.000 in (umbrella threshold 0.20 in; heavy 0.50 in) | Previous-24h rain (Open-Meteo archive) 0.000 in (residual threshold 0.50 in) | Daily max UV (Open-Meteo) 0.0 (threshold 8) | No marketing threshold met.
Guelph,Ontario,43.5459,-80.2560,Baseline,0.000,0.004,0.00,Region CA: Open-Meteo forecast + archive (NWS not used) | Next-24h precip (Open-Meteo 24h model) 0.000 in (umbrella threshold 0.20 in; heavy 0.50 in) | Previous-24h rain (Open-Meteo archive) 0.004 in (residual threshold 0.50 in) | Daily max UV (Open-Meteo) 0.0 (threshold 8) | No marketing threshold met.
Markham,Ontario,43.8668,-79.2663,Baseline,0.000,0.000,0.00,Region CA: Open-Meteo forecast + archive (NWS not used) | Next-24h precip (Open-Meteo 24h model) 0.000 in (umbrella threshold 0.20 in; heavy 0.50 in) | Previous-24h rain (Open-Meteo archive) 0.000 in (residual threshold 0.50 in) | Daily max UV (Open-Meteo) 0.0 (threshold 8) | No marketing threshold met.
Charlottetown,Prince Edward Island,46.2346,-63.1256,Baseline,0.000,0.000,0.00,Region CA: Open-Meteo forecast + archive (NWS not used) | Next-24h precip (Open-Meteo 24h model) 0.000 in (umbrella threshold 0.20 in; heavy 0.50 in) | Previous-24h rain (Open-Meteo archive) 0.000 in (residual threshold 0.50 in) | Daily max UV (Open-Meteo) 0.0 (threshold 8) | No marketing threshold met.
Summerside,Prince Edward Island,46.3912,-63.7887,Baseline,0.000,0.000,0.00,Region CA: Open-Meteo forecast + archive (NWS not used) | Next-24h precip (Open-Meteo 24h model) 0.000 in (umbrella threshold 0.20 in; heavy 0.50 in) | Previous-24h rain (Open-Meteo archive) 0.000 in (residual threshold 0.50 in) | Daily max UV (Open-Meteo) 0.0 (threshold 8) | No marketing threshold met.
Cornwall,Prince Edward Island,46.2265,-63.2181,Baseline,0.000,0.000,0.00,Region CA: Open-Meteo forecast + archive (NWS not used) | Next-24h precip (Open-Meteo 24h model) 0.000 in (umbrella threshold 0.20 in; heavy 0.50 in) | Previous-24h rain (Open-Meteo archive) 0.000 in (residual threshold 0.50 in) | Daily max UV (Open-Meteo) 0.0 (threshold 8) | No marketing threshold met.
Montague,Prince Edward Island,46.1668,-62.6487,Baseline,0.000,0.000,0.00,Region CA: Open-Meteo forecast + archive (NWS not used) | Next-24h precip (Open-Meteo 24h model) 0.000 in (umbrella threshold 0.20 in; heavy 0.50 in) | Previous-24h rain (Open-Meteo archive) 0.000 in (residual threshold 0.50 in) | Daily max UV (Open-Meteo) 0.0 (threshold 8) | No marketing threshold met.
Montreal,Quebec,45.5088,-73.5878,Baseline,0.000,0.000,0.00,Region CA: Open-Meteo forecast + archive (NWS not used) | Next-24h precip (Open-Meteo 24h model) 0.000 in (umbrella threshold 0.20 in; heavy 0.50 in) | Previous-24h rain (Open-Meteo archive) 0.000 in (residual threshold 0.50 in) | Daily max UV (Open-Meteo) 0.0 (threshold 8) | No marketing threshold met.
Dorval,Quebec,45.4473,-73.7533,Baseline,0.000,0.000,0.00,Region CA: Open-Meteo forecast + archive (NWS not used) | Next-24h precip (Open-Meteo 24h model) 0.000 in (umbrella threshold 0.20 in; heavy 0.50 in) | Previous-24h rain (Open-Meteo archive) 0.000 in (residual threshold 0.50 in) | Daily max UV (Open-Meteo) 0.0 (threshold 8) | No marketing threshold met.
Blainville,Quebec,45.6668,-73.8825,Baseline,0.000,0.000,0.00,Region CA: Open-Meteo forecast + archive (NWS not used) | Next-24h precip (Open-Meteo 24h model) 0.000 in (umbrella threshold 0.20 in; heavy 0.50 in) | Previous-24h rain (Open-Meteo archive) 0.000 in (residual threshold 0.50 in) | Daily max UV (Open-Meteo) 0.0 (threshold 8) | No marketing threshold met.
Brossard,Quebec,45.4501,-73.4658,Baseline,0.000,0.000,0.00,Region CA: Open-Meteo forecast + archive (NWS not used) | Next-24h precip (Open-Meteo 24h model) 0.000 in (umbrella threshold 0.20 in; heavy 0.50 in) | Previous-24h rain (Open-Meteo archive) 0.000 in (residual threshold 0.50 in) | Daily max UV (Open-Meteo) 0.0 (threshold 8) | No marketing threshold met.
Cote-Saint-Luc,Quebec,45.4654,-73.6659,Baseline,0.000,0.000,0.00,Region CA: Open-Meteo forecast + archive (NWS not used) | Next-24h precip (Open-Meteo 24h model) 0.000 in (umbrella threshold 0.20 in; heavy 0.50 in) | Previous-24h rain (Open-Meteo archive) 0.000 in (residual threshold 0.50 in) | Daily max UV (Open-Meteo) 0.0 (threshold 8) | No marketing threshold met.
Saskatoon,Saskatchewan,52.1324,-106.6689,Baseline,0.000,0.043,0.00,Region CA: Open-Meteo forecast + archive (NWS not used) | Next-24h precip (Open-Meteo 24h model) 0.000 in (umbrella threshold 0.20 in; heavy 0.50 in) | Previous-24h rain (Open-Meteo archive) 0.043 in (residual threshold 0.50 in) | Daily max UV (Open-Meteo) 0.0 (threshold 8) | No marketing threshold met.
Yellow Grass,Saskatchewan,49.8001,-104.1678,Baseline,0.000,0.000,0.00,Region CA: Open-Meteo forecast + archive (NWS not used) | Next-24h precip (Open-Meteo 24h model) 0.000 in (umbrella threshold 0.20 in; heavy 0.50 in) | Previous-24h rain (Open-Meteo archive) 0.000 in (residual threshold 0.50 in) | Daily max UV (Open-Meteo) 0.0 (threshold 8) | No marketing threshold met.
Regina,Saskatchewan,50.4501,-104.6178,Baseline,0.000,0.004,0.00,Region CA: Open-Meteo forecast + archive (NWS not used) | Next-24h precip (Open-Meteo 24h model) 0.000 in (umbrella threshold 0.20 in; heavy 0.50 in) | Previous-24h rain (Open-Meteo archive) 0.004 in (residual threshold 0.50 in) | Daily max UV (Open-Meteo) 0.0 (threshold 8) | No marketing threshold met.
Prince Albert,Saskatchewan,53.2001,-105.7677,Baseline,0.000,0.075,4.80,Region CA: Open-Meteo forecast + archive (NWS not used) | Next-24h precip (Open-Meteo 24h model) 0.000 in (umbrella threshold 0.20 in; heavy 0.50 in) | Previous-24h rain (Open-Meteo archive) 0.075 in (residual threshold 0.50 in) | Daily max UV (Open-Meteo) 4.8 (threshold 8) | No marketing threshold met.
Moose Jaw,Saskatchewan,50.4001,-105.5345,Baseline,0.000,0.012,5.20,Region CA: Open-Meteo forecast + archive (NWS not used) | Next-24h precip (Open-Meteo 24h model) 0.000 in (umbrella threshold 0.20 in; heavy 0.50 in) | Previous-24h rain (Open-Meteo archive) 0.012 in (residual threshold 0.50 in) | Daily max UV (Open-Meteo) 5.2 (threshold 8) | No marketing threshold met.
Whitehorse,Yukon,60.7161,-135.0538,Baseline,0.000,0.000,3.65,Region CA: Open-Meteo forecast + archive (NWS not used) | Next-24h precip (Open-Meteo 24h model) 0.000 in (umbrella threshold 0.20 in; heavy 0.50 in) | Previous-24h rain (Open-Meteo archive) 0.000 in (residual threshold 0.50 in) | Daily max UV (Open-Meteo) 3.6 (threshold 8) | No marketing threshold met.
Dawson City,Yukon,64.0601,-139.4333,Baseline,0.000,0.106,2.60,Region CA: Open-Meteo forecast + archive (NWS not used) | Next-24h precip (Open-Meteo 24h model) 0.000 in (umbrella threshold 0.20 in; heavy 0.50 in) | Previous-24h rain (Open-Meteo archive) 0.106 in (residual threshold 0.50 in) | Daily max UV (Open-Meteo) 2.6 (threshold 8) | No marketing threshold met.
Watson Lake,Yukon,60.0635,-128.7089,Baseline,0.000,0.000,3.80,Region CA: Open-Meteo forecast + archive (NWS not used) | Next-24h precip (Open-Meteo 24h model) 0.000 in (umbrella threshold 0.20 in; heavy 0.50 in) | Previous-24h rain (Open-Meteo archive) 0.000 in (residual threshold 0.50 in) | Daily max UV (Open-Meteo) 3.8 (threshold 8) | No marketing threshold met.
Haines Junction,Yukon,60.7522,-137.5108,Baseline,0.000,0.000,3.60,Region CA: Open-Meteo forecast + archive (NWS not used) | Next-24h precip (Open-Meteo 24h model) 0.000 in (umbrella threshold 0.20 in; heavy 0.50 in) | Previous-24h rain (Open-Meteo archive) 0.000 in (residual threshold 0.50 in) | Daily max UV (Open-Meteo) 3.6 (threshold 8) | No marketing threshold met.
Mayo,Yukon,63.5927,-135.8998,Baseline,0.000,0.067,3.10,Region CA: Open-Meteo forecast + archive (NWS not used) | Next-24h precip (Open-Meteo 24h model) 0.000 in (umbrella threshold 0.20 in; heavy 0.50 in) | Previous-24h rain (Open-Meteo archive) 0.067 in (residual threshold 0.50 in) | Daily max UV (Open-Meteo) 3.1 (threshold 8) | No marketing threshold met.
Grand Falls-Windsor,Newfoundland and Labrador,48.9332,-55.6649,Baseline,0.008,0.059,5.20,Region CA: Open-Meteo forecast + archive (NWS not used) | Next-24h precip (Open-Meteo 24h model) 0.008 in (umbrella threshold 0.20 in; heavy 0.50 in) | Previous-24h rain (Open-Meteo archive) 0.059 in (residual threshold 0.50 in) | Daily max UV (Open-Meteo) 5.2 (threshold 8) | No marketing threshold met.
Paradise,Newfoundland and Labrador,47.5333,-52.9667,Baseline,0.000,0.024,4.95,Region CA: Open-Meteo forecast + archive (NWS not used) | Next-24h precip (Open-Meteo 24h model) 0.000 in (umbrella threshold 0.20 in; heavy 0.50 in) | Previous-24h rain (Open-Meteo archive) 0.024 in (residual threshold 0.50 in) | Daily max UV (Open-Meteo) 5.0 (threshold 8) | No marketing threshold met.
Stratford,Prince Edward Island,46.2153,-63.0866,Scale Umbrellas,0.457,0.000,5.55,Region CA: Open-Meteo forecast + archive (NWS not used) | Next-24h precip (Open-Meteo 24h model) 0.457 in (umbrella threshold 0.20 in; heavy 0.50 in) | Previous-24h rain (Open-Meteo archive) 0.000 in (residual threshold 0.50 in) | Daily max UV (Open-Meteo) 5.5 (threshold 8) | Triggered by: forecast precip ≥ 0.20 in
