Date,Shipping_City,Shipping_State,Shipping_Country,Marketing_Action,Rain_Amount,Yesterday_Rain,Max_UV_Index,Logic_Summary,Quantity_Sold,Order_Revenue
2026-09-20,Banff,Alberta,CA,Baseline,0.0,0.0,0.0,No weather hub in marketing snapshot; Baseline applied.,0,0.0
2026-09-20,Bow Island,Alberta,CA,Baseline,0.0,0.0,0.0,No weather hub in marketing snapshot; Baseline applied.,0,0.0
2026-09-20,Bragg Creek,Alberta,CA,Baseline,0.0,0.0,0.0,No weather hub in marketing snapshot; Baseline applied.,0,0.0
2026-09-20,Calgary,Alberta,CA,Baseline,0.0,0.0,4.95,Region CA: Open-Meteo forecast + archive (NWS not used) | Next-24h precip (Open-Meteo 24h model) 0.000 in (umbrella threshold 0.20 in; heavy 0.50 in) | Previous-24h rain (Open-Meteo archive) 0.000 in (residual threshold 0.50 in) | Daily max UV (Open-Meteo) 5.0 (threshold 8) | No marketing threshold met.,0,0.0
2026-09-20,Chestermere,Alberta,CA,Baseline,0.0,0.0,0.0,No weather hub in marketing snapshot; Baseline applied.,0,0.0
2026-09-20,Cochrane,Alberta,CA,Baseline,0.0,0.0,0.0,No weather hub in marketing snapshot; Baseline applied.,0,0.0
2026-09-20,Cold Lake,Alberta,CA,Baseline,0.0,0.0,0.0,No weather hub in marketing snapshot; Baseline applied.,0,0.0
2026-09-20,Edmonton,Alberta,CA,Baseline,0.0,0.0,4.45,Region CA: Open-Meteo forecast + archive (NWS not used) | Next-24h precip (Open-Meteo 24h model) 0.000 in (umbrella threshold 0.20 in; heavy 0.50 in) | Previous-24h rain (Open-Meteo archive) 0.000 in (residual threshold 0.50 in) | Daily max UV (Open-Meteo) 4.5 (threshold 8) | No marketing threshold met.,0,0.0
2026-09-20,Fort Mcmurray,Alberta,CA,Baseline,0.0,0.0,0.0,No weather hub in marketing snapshot; Baseline applied.,0,0.0
2026-09-20,Fort Saskatchewan,Alberta,CA,Baseline,0.0,0.0,0.0,No weather hub in marketing snapshot; Baseline applied.,0,0.0
2026-09-20,Grovedale,Alberta,CA,Baseline,0.0,0.0,0.0,No weather hub in marketing snapshot; Baseline applied.,0,0.0
2026-09-20,Lacombe,Alberta,CA,Baseline,0.0,0.0,0.0,No weather hub in marketing snapshot; Baseline applied.,0,0.0
2026-09-20,Langdon,Alberta,CA,Baseline,0.0,0.0,0.0,No weather hub in marketing snapshot; Baseline applied.,0,0.0
2026-09-20,Lethbridge,Alberta,CA,Baseline,0.0,0.0,0.0,No weather hub in marketing snapshot; Baseline applied.,0,0.0
2026-09-20,Lloydminster,Alberta,CA,Baseline,0.0,0.0,0.0,No weather hub in marketing snapshot; Baseline applied.,0,0.0
2026-09-20,Millet,Alberta,CA,Baseline,0.0,0.0,0.0,No weather hub in marketing snapshot; Baseline applied.,0,0.0
2026-09-20,Red Deer,Alberta,CA,Baseline,0.0,0.0,0.0,No weather hub in marketing snapshot; Baseline applied.,0,0.0
2026-09-20,Sherwood Park,Alberta,CA,Baseline,0.0,0.0,0.0,No weather hub in marketing snapshot; Baseline applied.,0,0.0
2026-09-20,Spruce Grove,Alberta,CA,Baseline,0.0,0.0,0.0,No weather hub in marketing snapshot; Baseline applied.,0,0.0
2026-09-20,St Albert,Alberta,CA,Baseline,0.0,0.0,0.0,No weather hub in marketing snapshot; Baseline applied.,0,0.0
2026-09-20,St. Albert,Alberta,CA,Baseline,0.0,0.0,4.45,Region CA: Open-Meteo forecast + archive (NWS not used) | Next-24h precip (Open-Meteo 24h model) 0.000 in (umbrella threshold 0.20 in; heavy 0.50 in) | Previous-24h rain (Open-Meteo archive) 0.000 in (residual threshold 0.50 in) | Daily max UV (Open-Meteo) 4.5 (threshold 8) | No marketing threshold met.,0,0.0
2026-09-20,St.Paul,Alberta,CA,Baseline,0.0,0.0,0.0,No weather hub in marketing snapshot; Baseline applied.,0,0.0
2026-09-20,Wainwright,Alberta,CA,Baseline,0.0,0.0,4.55,Region CA: Open-Meteo forecast + archive (NWS not used) | Next-24h precip (Open-Meteo 24h model) 0.000 in (umbrella threshold 0.20 in; heavy 0.50 in) | Previous-24h rain (Open-Meteo archive) 0.000 in (residual threshold 0.50 in) | Daily max UV (Open-Meteo) 4.5 (threshold 8) | No marketing threshold met.,0,0.0
2026-09-20,West Baptiste,Alberta,CA,Baseline,0.0,0.0,4.05,Region CA: Open-Meteo forecast + archive (NWS not used) | Next-24h precip (Open-Meteo 24h model) 0.000 in (umbrella threshold 0.20 in; heavy 0.50 in) | Previous-24h rain (Open-Meteo archive) 0.000 in (residual threshold 0.50 in) | Daily max UV (Open-Meteo) 4.0 (threshold 8) | No marketing threshold met.,0,0.0
2026-09-20,Abbotsford,British Columbia,CA,Baseline,0.0,0.0,0.0,No weather hub in marketing snapshot; Baseline applied.,0,0.0
2026-09-20,Burnaby,British Columbia,CA,Baseline,0.0,0.0,4.75,Region CA: Open-Meteo forecast + archive (NWS not used) | Next-24h precip (Open-Meteo 24h model) 0.000 in (umbrella threshold 0.20 in; heavy 0.50 in) | Previous-24h rain (Open-Meteo archive) 0.000 in (residual threshold 0.50 in) | Daily max UV (Open-Meteo) 4.8 (threshold 8) | No marketing threshold met.,0,0.0
2026-09-20,Chetwynd,British Columbia,CA,Baseline,0.0,0.0,0.0,No weather hub in marketing snapshot; Baseline applied.,0,0.0
2026-09-20,Chilliwack,British Columbia,CA,Baseline,0.0,0.0,0.0,No weather hub in marketing snapshot; Baseline applied.,0,0.0
2026-09-20,Comox,British Columbia,CA,Baseline,0.0,0.0,0.0,No weather hub in marketing snapshot; Baseline applied.,0,0.0
2026-09-20,Coquitlam,British Columbia,CA,Baseline,0.0,0.0,0.0,No weather hub in marketing snapshot; Baseline applied.,0,0.0
2026-09-20,Courtenay,British Columbia,CA,Baseline,0.0,0.0,0.0,No weather hub in marketing snapshot; Baseline applied.,0,0.0
2026-09-20,Cumberland,British Columbia,CA,Baseline,0.0,0.0,0.0,No weather hub in marketing snapshot; Baseline applied.,0,0.0
2026-09-20,Delta,British Columbia,CA,Baseline,0.0,0.0,0.0,No weather hub in marketing snapshot; Baseline applied.,0,0.0
2026-09-20,Garibaldi Highlands,British Columbia,CA,Baseline,0.0,0.0,0.0,No weather hub in marketing snapshot; Baseline applied.,0,0.0
2026-09-20,"Garibaldi Highlands, Squamish",British Columbia,CA,Baseline,0.0,0.0,0.0,No weather hub in marketing snapshot; Baseline applied.,0,0.0
2026-09-20,Gibsons,British Columbia,CA,Baseline,0.0,0.0,0.0,No weather hub in marketing snapshot; Baseline applied.,0,0.0
2026-09-20,Harrison Hot Springs,British Columbia,CA,Baseline,0.0,0.0,0.0,No weather hub in marketing snapshot; Baseline applied.,0,0.0
2026-09-20,Kamloops,British Columbia,CA,Baseline,0.0,0.0,0.0,No weather hub in marketing snapshot; Baseline applied.,0,0.0
2026-09-20,Kelowna,British Columbia,CA,Baseline,0.0,0.0,0.0,No weather hub in marketing snapshot; Baseline applied.,0,0.0
2026-09-20,Langford,British Columbia,CA,Baseline,0.0,0.0,0.0,No weather hub in marketing snapshot; Baseline applied.,0,0.0
2026-09-20,Langley,British Columbia,CA,Baseline,0.0,0.0,0.0,No weather hub in marketing snapshot; Baseline applied.,0,0.0
2026-09-20,Lindell Beach,British Columbia,CA,Baseline,0.0,0.0,0.0,No weather hub in marketing snapshot; Baseline applied.,0,0.0
2026-09-20,Lions Bay,British Columbia,CA,Baseline,0.0,0.0,0.0,No weather hub in marketing snapshot; Baseline applied.,0,0.0
2026-09-20,Maple Ridge,British Columbia,CA,Baseline,0.0,0.0,0.0,No weather hub in marketing snapshot; Baseline applied.,0,0.0
2026-09-20,Mission,British Columbia,CA,Baseline,0.0,0.0,0.0,No weather hub in marketing snapshot; Baseline applied.,0,0.0
2026-09-20,Nanaimo,British Columbia,CA,Baseline,0.0,0.0,0.0,No weather hub in marketing snapshot; Baseline applied.,0,0.0
2026-09-20,Nelson,British Columbia,CA,Baseline,0.0,0.0,0.0,No weather hub in marketing snapshot; Baseline applied.,0,0.0
2026-09-20,New Westminster,British Columbia,CA,Baseline,0.0,0.0,0.0,No weather hub in marketing snapshot; Baseline applied.,0,0.0
2026-09-20,North Vancouver,British Columbia,CA,Baseline,0.0,0.0,4.75,Region CA: Open-Meteo forecast + archive (NWS not used) | Next-24h precip (Open-Meteo 24h model) 0.000 in (umbrella threshold 0.20 in; heavy 0.50 in) | Previous-24h rain (Open-Meteo archive) 0.000 in (residual threshold 0.50 in) | Daily max UV (Open-Meteo) 4.8 (threshold 8) | No marketing threshold met.,0,0.0
2026-09-20,Penticton,British Columbia,CA,Baseline,0.0,0.0,0.0,No weather hub in marketing snapshot; Baseline applied.,0,0.0
2026-09-20,Port Alberni,British Columbia,CA,Baseline,0.0,0.0,0.0,No weather hub in marketing snapshot; Baseline applied.,0,0.0
2026-09-20,Port Coquitlam,British Columbia,CA,Baseline,0.0,0.0,0.0,No weather hub in marketing snapshot; Baseline applied.,0,0.0
2026-09-20,Port Moody,British Columbia,CA,Baseline,0.0,0.0,0.0,No weather hub in marketing snapshot; Baseline applied.,0,0.0
2026-09-20,Prince George,British Columbia,CA,Baseline,0.0,0.0,0.0,No weather hub in marketing snapshot; Baseline applied.,0,0.0
2026-09-20,Richmond,British Columbia,CA,Baseline,0.0,0.0,0.0,No weather hub in marketing snapshot; Baseline applied.,0,0.0
2026-09-20,Saanichton,British Columbia,CA,Baseline,0.0,0.0,0.0,No weather hub in marketing snapshot; Baseline applied.,0,0.0
2026-09-20,Sechelt,British Columbia,CA,Baseline,0.0,0.0,0.0,No weather hub in marketing snapshot; Baseline applied.,0,0.0
2026-09-20,Shawnigan Lake,British Columbia,CA,Baseline,0.0,0.0,0.0,No weather hub in marketing snapshot; Baseline applied.,0,0.0
2026-09-20,Sidney,British Columbia,CA,Baseline,0.0,0.0,0.0,No weather hub in marketing snapshot; Baseline applied.,0,0.0
2026-09-20,Squamish,British Columbia,CA,Baseline,0.0,0.0,0.0,No weather hub in marketing snapshot; Baseline applied.,0,0.0
2026-09-20,Summerland,British Columbia,CA,Baseline,0.0,0.0,0.0,No weather hub in marketing snapshot; Baseline applied.,0,0.0
2026-09-20,Sun Peaks,British Columbia,CA,Baseline,0.0,0.0,0.0,No weather hub in marketing snapshot; Baseline applied.,0,0.0
2026-09-20,Surrey,British Columbia,CA,Baseline,0.0,0.0,4.8,Region CA: Open-Meteo forecast + archive (NWS not used) | Next-24h precip (Open-Meteo 24h model) 0.000 in (umbrella threshold 0.20 in; heavy 0.50 in) | Previous-24h rain (Open-Meteo archive) 0.000 in (residual threshold 0.50 in) | Daily max UV (Open-Meteo) 4.8 (threshold 8) | No marketing threshold met.,0,0.0
2026-09-20,Thornhill,British Columbia,CA,Baseline,0.0,0.0,0.0,No weather hub in marketing snapshot; Baseline applied.,0,0.0
2026-09-20,Tobiano,British Columbia,CA,Baseline,0.0,0.0,0.0,No weather hub in marketing snapshot; Baseline applied.,0,0.0
2026-09-20,Tofino,British Columbia,CA,Baseline,0.0,0.0,0.0,No weather hub in marketing snapshot; Baseline applied.,0,0.0
2026-09-20,Vancouver,British Columbia,CA,Baseline,0.0,0.0,4.5,Region CA: Open-Meteo forecast + archive (NWS not used) | Next-24h precip (Open-Meteo 24h model) 0.000 in (umbrella threshold 0.20 in; heavy 0.50 in) | Previous-24h rain (Open-Meteo archive) 0.000 in (residual threshold 0.50 in) | Daily max UV (Open-Meteo) 4.5 (threshold 8) | No marketing threshold met.,0,0.0
2026-09-20,Vernon,British Columbia,CA,Baseline,0.0,0.0,0.0,No weather hub in marketing snapshot; Baseline applied.,0,0.0
2026-09-20,Victoria,British Columbia,CA,Baseline,0.0,0.0,4.85,Region CA: Open-Meteo forecast + archive (NWS not used) | Next-24h precip (Open-Meteo 24h model) 0.000 in (umbrella threshold 0.20 in; heavy 0.50 in) | Previous-24h rain (Open-Meteo archive) 0.000 in (residual threshold 0.50 in) | Daily max UV (Open-Meteo) 4.8 (threshold 8) | No marketing threshold met.,0,0.0
2026-09-20,West Vancouver,British Columbia,CA,Baseline,0.0,0.0,0.0,No weather hub in marketing snapshot; Baseline applied.,0,0.0
2026-09-20,Whistler,British Columbia,CA,Baseline,0.0,0.0,0.0,No weather hub in marketing snapshot; Baseline applied.,0,0.0
2026-09-20,White Rock,British Columbia,CA,Baseline,0.0,0.0,0.0,No weather hub in marketing snapshot; Baseline applied.,0,0.0
2026-09-20,Wynndel,British Columbia,CA,Baseline,0.0,0.0,0.0,No weather hub in marketing snapshot; Baseline applied.,0,0.0
2026-09-20,Headingley,Manitoba,CA,Baseline,0.0,0.051,4.25,Region CA: Open-Meteo forecast + archive (NWS not used) | Next-24h precip (Open-Meteo 24h model) 0.000 in (umbrella threshold 0.20 in; heavy 0.50 in) | Previous-24h rain (Open-Meteo archive) 0.051 in (residual threshold 0.50 in) | Daily max UV (Open-Meteo) 4.2 (threshold 8) | No marketing threshold met.,0,0.0
2026-09-20,Oak Bluff,Manitoba,CA,Baseline,0.0,0.0,0.0,No weather hub in marketing snapshot; Baseline applied.,0,0.0
2026-09-20,St Andrews,Manitoba,CA,Baseline,0.0,0.0,0.0,No weather hub in marketing snapshot; Baseline applied.,0,0.0
2026-09-20,Winnipeg,Manitoba,CA,Baseline,0.0,0.071,4.35,Region CA: Open-Meteo forecast + archive (NWS not used) | Next-24h precip (Open-Meteo 24h model) 0.000 in (umbrella threshold 0.20 in; heavy 0.50 in) | Previous-24h rain (Open-Meteo archive) 0.071 in (residual threshold 0.50 in) | Daily max UV (Open-Meteo) 4.3 (threshold 8) | No marketing threshold met.,0,0.0
2026-09-20,Dalhousie,New Brunswick,CA,Baseline,0.0,0.0,0.0,No weather hub in marketing snapshot; Baseline applied.,0,0.0
2026-09-20,Dieppe,New Brunswick,CA,Baseline,0.157,0.0,0.0,Region CA: Open-Meteo forecast + archive (NWS not used) | Next-24h precip (Open-Meteo 24h model) 0.157 in (umbrella threshold 0.20 in; heavy 0.50 in) | Previous-24h rain (Open-Meteo archive) 0.000 in (residual threshold 0.50 in) | Daily max UV (Open-Meteo) 0.0 (threshold 8) | No marketing threshold met.,0,0.0
2026-09-20,Fredericton,New Brunswick,CA,Baseline,0.0,0.0,0.0,Region CA: Open-Meteo forecast + archive (NWS not used) | Next-24h precip (Open-Meteo 24h model) 0.000 in (umbrella threshold 0.20 in; heavy 0.50 in) | Previous-24h rain (Open-Meteo archive) 0.000 in (residual threshold 0.50 in) | Daily max UV (Open-Meteo) 0.0 (threshold 8) | No marketing threshold met.,0,0.0
2026-09-20,Greenfield,New Brunswick,CA,Baseline,0.0,0.0,0.0,No weather hub in marketing snapshot; Baseline applied.,0,0.0
2026-09-20,Moncton,New Brunswick,CA,Baseline,0.197,0.0,0.0,Region CA: Open-Meteo forecast + archive (NWS not used) | Next-24h precip (Open-Meteo 24h model) 0.197 in (umbrella threshold 0.20 in; heavy 0.50 in) | Previous-24h rain (Open-Meteo archive) 0.000 in (residual threshold 0.50 in) | Daily max UV (Open-Meteo) 0.0 (threshold 8) | No marketing threshold met.,0,0.0
2026-09-20,Saint-Antoine Sud,New Brunswick,CA,Baseline,0.0,0.0,0.0,No weather hub in marketing snapshot; Baseline applied.,0,0.0
2026-09-20,Grand Falls Windsor,Newfoundland and Labrador,CA,Baseline,0.0,0.0,0.0,No weather hub in marketing snapshot; Baseline applied.,0,0.0
2026-09-20,Paradise,Newfoundland and Labrador,CA,Baseline,0.004,0.134,5.0,Region CA: Open-Meteo forecast + archive (NWS not used) | Next-24h precip (Open-Meteo 24h model) 0.004 in (umbrella threshold 0.20 in; heavy 0.50 in) | Previous-24h rain (Open-Meteo archive) 0.134 in (residual threshold 0.50 in) | Daily max UV (Open-Meteo) 5.0 (threshold 8) | No marketing threshold met.,0,0.0
2026-09-20,St. John'S,Newfoundland and Labrador,CA,Baseline,0.0,0.299,0.0,Region CA: Open-Meteo forecast + archive (NWS not used) | Next-24h precip (Open-Meteo 24h model) 0.000 in (umbrella threshold 0.20 in; heavy 0.50 in) | Previous-24h rain (Open-Meteo archive) 0.299 in (residual threshold 0.50 in) | Daily max UV (Open-Meteo) 0.0 (threshold 8) | No marketing threshold met.,0,0.0
2026-09-20,Aylesford,Nova Scotia,CA,Baseline,0.0,0.0,0.0,No weather hub in marketing snapshot; Baseline applied.,0,0.0
2026-09-20,Bible Hill,Nova Scotia,CA,Baseline,0.0,0.0,0.0,No weather hub in marketing snapshot; Baseline applied.,0,0.0
2026-09-20,Dartmouth,Nova Scotia,CA,Baseline,0.181,0.0,0.0,Region CA: Open-Meteo forecast + archive (NWS not used) | Next-24h precip (Open-Meteo 24h model) 0.181 in (umbrella threshold 0.20 in; heavy 0.50 in) | Previous-24h rain (Open-Meteo archive) 0.000 in (residual threshold 0.50 in) | Daily max UV (Open-Meteo) 0.0 (threshold 8) | No marketing threshold met.,0,0.0
2026-09-20,Halifax,Nova Scotia,CA,Scale Umbrellas,0.224,0.0,0.0,Region CA: Open-Meteo forecast + archive (NWS not used) | Next-24h precip (Open-Meteo 24h model) 0.224 in (umbrella threshold 0.20 in; heavy 0.50 in) | Previous-24h rain (Open-Meteo archive) 0.000 in (residual threshold 0.50 in) | Daily max UV (Open-Meteo) 0.0 (threshold 8) | Triggered by: forecast precip ≥ 0.20 in,0,0.0
2026-09-20,Hammonds Plains,Nova Scotia,CA,Baseline,0.0,0.0,0.0,No weather hub in marketing snapshot; Baseline applied.,0,0.0
2026-09-20,Kentville,Nova Scotia,CA,Baseline,0.0,0.0,0.0,No weather hub in marketing snapshot; Baseline applied.,0,0.0
2026-09-20,Lower Sackville,Nova Scotia,CA,Baseline,0.0,0.0,0.0,No weather hub in marketing snapshot; Baseline applied.,0,0.0
2026-09-20,Mackay Siding,Nova Scotia,CA,Baseline,0.0,0.0,0.0,No weather hub in marketing snapshot; Baseline applied.,0,0.0
2026-09-20,Port Williams,Nova Scotia,CA,Baseline,0.0,0.0,0.0,No weather hub in marketing snapshot; Baseline applied.,0,0.0
2026-09-20,Upper Tantallon,Nova Scotia,CA,Baseline,0.0,0.0,0.0,No weather hub in marketing snapshot; Baseline applied.,0,0.0
2026-09-20,Waverley,Nova Scotia,CA,Baseline,0.0,0.0,0.0,No weather hub in marketing snapshot; Baseline applied.,0,0.0
2026-09-20,Alexandria,Ontario,CA,Baseline,0.0,0.0,0.0,No weather hub in marketing snapshot; Baseline applied.,0,0.0
2026-09-20,Ancaster,Ontario,CA,Baseline,0.0,0.0,0.0,No weather hub in marketing snapshot; Baseline applied.,0,0.0
2026-09-20,Barrie,Ontario,CA,Baseline,0.0,0.0,0.0,No weather hub in marketing snapshot; Baseline applied.,0,0.0
2026-09-20,Belle River,Ontario,CA,Baseline,0.0,0.0,0.0,No weather hub in marketing snapshot; Baseline applied.,0,0.0
2026-09-20,Belleville,Ontario,CA,Baseline,0.0,0.0,0.0,No weather hub in marketing snapshot; Baseline applied.,0,0.0
2026-09-20,Bolton,Ontario,CA,Baseline,0.0,0.0,0.0,No weather hub in marketing snapshot; Baseline applied.,0,0.0
2026-09-20,Bowmanville,Ontario,CA,Baseline,0.0,0.0,0.0,No weather hub in marketing snapshot; Baseline applied.,0,0.0
2026-09-20,Bradford,Ontario,CA,Baseline,0.0,0.0,0.0,No weather hub in marketing snapshot; Baseline applied.,0,0.0
2026-09-20,Brampton,Ontario,CA,Baseline,0.0,0.0,0.0,No weather hub in marketing snapshot; Baseline applied.,0,0.0
2026-09-20,Brantford,Ontario,CA,Baseline,0.0,0.0,0.0,No weather hub in marketing snapshot; Baseline applied.,0,0.0
2026-09-20,Brechin,Ontario,CA,Baseline,0.0,0.0,0.0,No weather hub in marketing snapshot; Baseline applied.,0,0.0
2026-09-20,Burlington,Ontario,CA,Baseline,0.0,0.0,0.0,No weather hub in marketing snapshot; Baseline applied.,0,0.0
2026-09-20,Caledon,Ontario,CA,Baseline,0.0,0.0,0.0,No weather hub in marketing snapshot; Baseline applied.,0,0.0
2026-09-20,Cambridge,Ontario,CA,Baseline,0.0,0.0,0.0,No weather hub in marketing snapshot; Baseline applied.,0,0.0
2026-09-20,Carlisle,Ontario,CA,Baseline,0.0,0.0,0.0,No weather hub in marketing snapshot; Baseline applied.,0,0.0
2026-09-20,Carrying Place,Ontario,CA,Baseline,0.0,0.0,0.0,No weather hub in marketing snapshot; Baseline applied.,0,0.0
2026-09-20,Cobourg,Ontario,CA,Baseline,0.0,0.0,0.0,No weather hub in marketing snapshot; Baseline applied.,0,0.0
2026-09-20,Crystal Beach,Ontario,CA,Baseline,0.0,0.0,0.0,No weather hub in marketing snapshot; Baseline applied.,0,0.0
2026-09-20,Deep River,Ontario,CA,Baseline,0.0,0.0,0.0,No weather hub in marketing snapshot; Baseline applied.,0,0.0
2026-09-20,Delaware,Ontario,CA,Baseline,0.0,0.0,0.0,No weather hub in marketing snapshot; Baseline applied.,0,0.0
2026-09-20,Drumbo,Ontario,CA,Baseline,0.0,0.0,0.0,No weather hub in marketing snapshot; Baseline applied.,0,0.0
2026-09-20,Dundas,Ontario,CA,Baseline,0.0,0.0,0.0,No weather hub in marketing snapshot; Baseline applied.,0,0.0
2026-09-20,Dwight,Ontario,CA,Baseline,0.0,0.0,0.0,No weather hub in marketing snapshot; Baseline applied.,0,0.0
2026-09-20,East York,Ontario,CA,Baseline,0.0,0.0,0.0,No weather hub in marketing snapshot; Baseline applied.,0,0.0
2026-09-20,Elmvale,Ontario,CA,Baseline,0.0,0.0,0.0,No weather hub in marketing snapshot; Baseline applied.,0,0.0
2026-09-20,Embrun,Ontario,CA,Baseline,0.0,0.0,0.0,No weather hub in marketing snapshot; Baseline applied.,0,0.0
2026-09-20,Essex,Ontario,CA,Baseline,0.0,0.0,0.0,No weather hub in marketing snapshot; Baseline applied.,0,0.0
2026-09-20,Etobicoke,Ontario,CA,Baseline,0.0,0.0,0.0,No weather hub in marketing snapshot; Baseline applied.,0,0.0
2026-09-20,Fergus,Ontario,CA,Baseline,0.0,0.0,0.0,No weather hub in marketing snapshot; Baseline applied.,0,0.0
2026-09-20,Forest,Ontario,CA,Baseline,0.0,0.0,0.0,No weather hub in marketing snapshot; Baseline applied.,0,0.0
2026-09-20,Frankford,Ontario,CA,Baseline,0.0,0.0,0.0,No weather hub in marketing snapshot; Baseline applied.,0,0.0
2026-09-20,Georgetown,Ontario,CA,Baseline,0.0,0.0,0.0,No weather hub in marketing snapshot; Baseline applied.,0,0.0
2026-09-20,Gloucester,Ontario,CA,Baseline,0.0,0.0,0.0,No weather hub in marketing snapshot; Baseline applied.,0,0.0
2026-09-20,Golden Lake,Ontario,CA,Baseline,0.0,0.0,0.0,No weather hub in marketing snapshot; Baseline applied.,0,0.0
2026-09-20,Gravenhurst,Ontario,CA,Baseline,0.0,0.0,0.0,No weather hub in marketing snapshot; Baseline applied.,0,0.0
2026-09-20,Greely,Ontario,CA,Baseline,0.0,0.0,0.0,No weather hub in marketing snapshot; Baseline applied.,0,0.0
2026-09-20,Grimsby,Ontario,CA,Baseline,0.0,0.0,0.0,No weather hub in marketing snapshot; Baseline applied.,0,0.0
2026-09-20,Guelph,Ontario,CA,Baseline,0.0,0.0,3.4,Region CA: Open-Meteo forecast + archive (NWS not used) | Next-24h precip (Open-Meteo 24h model) 0.000 in (umbrella threshold 0.20 in; heavy 0.50 in) | Previous-24h rain (Open-Meteo archive) 0.000 in (residual threshold 0.50 in) | Daily max UV (Open-Meteo) 3.4 (threshold 8) | No marketing threshold met.,0,0.0
2026-09-20,Hamilton,Ontario,CA,Baseline,0.0,0.0,0.0,No weather hub in marketing snapshot; Baseline applied.,0,0.0
2026-09-20,Kanata,Ontario,CA,Baseline,0.0,0.0,0.0,No weather hub in marketing snapshot; Baseline applied.,0,0.0
2026-09-20,Kincardine,Ontario,CA,Baseline,0.0,0.0,0.0,No weather hub in marketing snapshot; Baseline applied.,0,0.0
2026-09-20,King City,Ontario,CA,Baseline,0.0,0.0,0.0,No weather hub in marketing snapshot; Baseline applied.,0,0.0
2026-09-20,Kingston,Ontario,CA,Baseline,0.0,0.0,4.9,Region CA: Open-Meteo forecast + archive (NWS not used) | Next-24h precip (Open-Meteo 24h model) 0.000 in (umbrella threshold 0.20 in; heavy 0.50 in) | Previous-24h rain (Open-Meteo archive) 0.000 in (residual threshold 0.50 in) | Daily max UV (Open-Meteo) 4.9 (threshold 8) | No marketing threshold met.,0,0.0
2026-09-20,Kitchener,Ontario,CA,Baseline,0.0,0.0,0.0,No weather hub in marketing snapshot; Baseline applied.,0,0.0
2026-09-20,Kleinburg,Ontario,CA,Baseline,0.0,0.0,0.0,No weather hub in marketing snapshot; Baseline applied.,0,0.0
2026-09-20,Lanark,Ontario,CA,Baseline,0.0,0.0,0.0,No weather hub in marketing snapshot; Baseline applied.,0,0.0
2026-09-20,Lasalle,Ontario,CA,Baseline,0.0,0.0,0.0,No weather hub in marketing snapshot; Baseline applied.,0,0.0
2026-09-20,Listowel,Ontario,CA,Baseline,0.0,0.0,0.0,No weather hub in marketing snapshot; Baseline applied.,0,0.0
2026-09-20,London,Ontario,CA,Baseline,0.0,0.0,0.0,No weather hub in marketing snapshot; Baseline applied.,0,0.0
2026-09-20,Maple,Ontario,CA,Baseline,0.0,0.0,0.0,No weather hub in marketing snapshot; Baseline applied.,0,0.0
2026-09-20,Markham,Ontario,CA,Baseline,0.0,0.0,4.85,Region CA: Open-Meteo forecast + archive (NWS not used) | Next-24h precip (Open-Meteo 24h model) 0.000 in (umbrella threshold 0.20 in; heavy 0.50 in) | Previous-24h rain (Open-Meteo archive) 0.000 in (residual threshold 0.50 in) | Daily max UV (Open-Meteo) 4.8 (threshold 8) | No marketing threshold met.,0,0.0
2026-09-20,Meaford,Ontario,CA,Baseline,0.0,0.0,0.0,No weather hub in marketing snapshot; Baseline applied.,0,0.0
2026-09-20,Metcalfe,Ontario,CA,Baseline,0.0,0.0,0.0,No weather hub in marketing snapshot; Baseline applied.,0,0.0
2026-09-20,Milton,Ontario,CA,Baseline,0.0,0.0,0.0,No weather hub in marketing snapshot; Baseline applied.,0,0.0
2026-09-20,Minesing,Ontario,CA,Baseline,0.0,0.0,0.0,No weather hub in marketing snapshot; Baseline applied.,0,0.0
2026-09-20,Mississauga,Ontario,CA,Baseline,0.0,0.0,0.0,No weather hub in marketing snapshot; Baseline applied.,0,0.0
2026-09-20,Nepean,Ontario,CA,Baseline,0.0,0.0,0.0,No weather hub in marketing snapshot; Baseline applied.,0,0.0
2026-09-20,Newcastle,Ontario,CA,Baseline,0.0,0.0,0.0,No weather hub in marketing snapshot; Baseline applied.,0,0.0
2026-09-20,Newmarket,Ontario,CA,Baseline,0.0,0.0,0.0,No weather hub in marketing snapshot; Baseline applied.,0,0.0
2026-09-20,Niagara Falls,Ontario,CA,Baseline,0.0,0.0,0.0,No weather hub in marketing snapshot; Baseline applied.,0,0.0
2026-09-20,North York,Ontario,CA,Baseline,0.0,0.0,0.0,No weather hub in marketing snapshot; Baseline applied.,0,0.0
2026-09-20,Oakville,Ontario,CA,Baseline,0.0,0.0,0.0,No weather hub in marketing snapshot; Baseline applied.,0,0.0
2026-09-20,Orillia,Ontario,CA,Baseline,0.0,0.0,0.0,No weather hub in marketing snapshot; Baseline applied.,0,0.0
2026-09-20,Orleans,Ontario,CA,Baseline,0.0,0.0,0.0,No weather hub in marketing snapshot; Baseline applied.,0,0.0
2026-09-20,Oshawa,Ontario,CA,Baseline,0.0,0.0,0.0,No weather hub in marketing snapshot; Baseline applied.,0,0.0
2026-09-20,Ottawa,Ontario,CA,Baseline,0.0,0.0,5.0,Region CA: Open-Meteo forecast + archive (NWS not used) | Next-24h precip (Open-Meteo 24h model) 0.000 in (umbrella threshold 0.20 in; heavy 0.50 in) | Previous-24h rain (Open-Meteo archive) 0.000 in (residual threshold 0.50 in) | Daily max UV (Open-Meteo) 5.0 (threshold 8) | No marketing threshold met.,0,0.0
2026-09-20,Owen Sound,Ontario,CA,Baseline,0.0,0.0,0.0,No weather hub in marketing snapshot; Baseline applied.,0,0.0
2026-09-20,Paris,Ontario,CA,Baseline,0.0,0.0,0.0,No weather hub in marketing snapshot; Baseline applied.,0,0.0
2026-09-20,Perth,Ontario,CA,Baseline,0.0,0.0,0.0,No weather hub in marketing snapshot; Baseline applied.,0,0.0
2026-09-20,Petawawa,Ontario,CA,Baseline,0.0,0.0,0.0,No weather hub in marketing snapshot; Baseline applied.,0,0.0
2026-09-20,Peterborough,Ontario,CA,Baseline,0.0,0.0,0.0,No weather hub in marketing snapshot; Baseline applied.,0,0.0
2026-09-20,Petrolia,Ontario,CA,Baseline,0.0,0.0,0.0,No weather hub in marketing snapshot; Baseline applied.,0,0.0
2026-09-20,Plantagenet,Ontario,CA,Baseline,0.0,0.0,0.0,No weather hub in marketing snapshot; Baseline applied.,0,0.0
2026-09-20,Port Carling,Ontario,CA,Baseline,0.0,0.0,0.0,No weather hub in marketing snapshot; Baseline applied.,0,0.0
2026-09-20,Port Elgin,Ontario,CA,Baseline,0.0,0.0,0.0,No weather hub in marketing snapshot; Baseline applied.,0,0.0
2026-09-20,Port Rowan,Ontario,CA,Baseline,0.0,0.0,0.0,No weather hub in marketing snapshot; Baseline applied.,0,0.0
2026-09-20,Ravenna,Ontario,CA,Baseline,0.0,0.0,0.0,No weather hub in marketing snapshot; Baseline applied.,0,0.0
2026-09-20,Richmond Hill,Ontario,CA,Baseline,0.0,0.0,0.0,No weather hub in marketing snapshot; Baseline applied.,0,0.0
2026-09-20,Rockland,Ontario,CA,Baseline,0.0,0.0,0.0,No weather hub in marketing snapshot; Baseline applied.,0,0.0
2026-09-20,Sarnia,Ontario,CA,Baseline,0.0,0.0,0.0,No weather hub in marketing snapshot; Baseline applied.,0,0.0
2026-09-20,Sault Ste. Marie,Ontario,CA,Baseline,0.0,0.0,0.0,No weather hub in marketing snapshot; Baseline applied.,0,0.0
2026-09-20,Scarborough,Ontario,CA,Baseline,0.0,0.0,0.0,No weather hub in marketing snapshot; Baseline applied.,0,0.0
2026-09-20,Sharbot Lake,Ontario,CA,Baseline,0.0,0.0,0.0,No weather hub in marketing snapshot; Baseline applied.,0,0.0
2026-09-20,Smithville,Ontario,CA,Baseline,0.0,0.0,0.0,No weather hub in marketing snapshot; Baseline applied.,0,0.0
2026-09-20,Southwold,Ontario,CA,Baseline,0.0,0.0,0.0,No weather hub in marketing snapshot; Baseline applied.,0,0.0
2026-09-20,St Catharines,Ontario,CA,Baseline,0.0,0.0,0.0,No weather hub in marketing snapshot; Baseline applied.,0,0.0
2026-09-20,Stevensville,Ontario,CA,Baseline,0.0,0.0,0.0,No weather hub in marketing snapshot; Baseline applied.,0,0.0
2026-09-20,Stoney Creek,Ontario,CA,Baseline,0.0,0.0,0.0,No weather hub in marketing snapshot; Baseline applied.,0,0.0
2026-09-20,Stouffville,Ontario,CA,Baseline,0.0,0.0,0.0,No weather hub in marketing snapshot; Baseline applied.,0,0.0
2026-09-20,Stratford,Ontario,CA,Baseline,0.0,0.0,0.0,No weather hub in marketing snapshot; Baseline applied.,0,0.0
2026-09-20,Sutton West,Ontario,CA,Baseline,0.0,0.0,0.0,No weather hub in marketing snapshot; Baseline applied.,0,0.0
2026-09-20,Thornbury,Ontario,CA,Baseline,0.0,0.0,0.0,No weather hub in marketing snapshot; Baseline applied.,0,0.0
2026-09-20,Thornhill,Ontario,CA,Baseline,0.0,0.0,0.0,No weather hub in marketing snapshot; Baseline applied.,0,0.0
2026-09-20,Thornton,Ontario,CA,Baseline,0.0,0.0,0.0,No weather hub in marketing snapshot; Baseline applied.,0,0.0
2026-09-20,Thorold,Ontario,CA,Baseline,0.0,0.0,0.0,No weather hub in marketing snapshot; Baseline applied.,0,0.0
2026-09-20,Thunder Bay,Ontario,CA,Baseline,0.0,0.0,0.0,No weather hub in marketing snapshot; Baseline applied.,0,0.0
2026-09-20,Tiny,Ontario,CA,Baseline,0.0,0.0,0.0,No weather hub in marketing snapshot; Baseline applied.,0,0.0
2026-09-20,Toronto,Ontario,CA,Baseline,0.0,0.008,4.85,Region CA: Open-Meteo forecast + archive (NWS not used) | Next-24h precip (Open-Meteo 24h model) 0.000 in (umbrella threshold 0.20 in; heavy 0.50 in) | Previous-24h rain (Open-Meteo archive) 0.008 in (residual threshold 0.50 in) | Daily max UV (Open-Meteo) 4.8 (threshold 8) | No marketing threshold met.,0,0.0
2026-09-20,Uxbridge,Ontario,CA,Baseline,0.0,0.0,0.0,No weather hub in marketing snapshot; Baseline applied.,0,0.0
2026-09-20,Vaughan,Ontario,CA,Baseline,0.0,0.0,0.0,No weather hub in marketing snapshot; Baseline applied.,0,0.0
2026-09-20,Wahnapitae,Ontario,CA,Baseline,0.0,0.0,0.0,No weather hub in marketing snapshot; Baseline applied.,0,0.0
2026-09-20,Wasaga Beach,Ontario,CA,Baseline,0.0,0.0,0.0,No weather hub in marketing snapshot; Baseline applied.,0,0.0
2026-09-20,Waterford,Ontario,CA,Baseline,0.0,0.0,0.0,No weather hub in marketing snapshot; Baseline applied.,0,0.0
2026-09-20,Waterloo,Ontario,CA,Baseline,0.0,0.0,0.0,No weather hub in marketing snapshot; Baseline applied.,0,0.0
2026-09-20,Welland,Ontario,CA,Baseline,0.0,0.0,0.0,No weather hub in marketing snapshot; Baseline applied.,0,0.0
2026-09-20,Whitby,Ontario,CA,Baseline,0.0,0.0,0.0,No weather hub in marketing snapshot; Baseline applied.,0,0.0
2026-09-20,Whitchurch-Stouffville,Ontario,CA,Baseline,0.0,0.0,0.0,No weather hub in marketing snapshot; Baseline applied.,0,0.0
2026-09-20,Windsor,Ontario,CA,Baseline,0.0,0.0,0.0,No weather hub in marketing snapshot; Baseline applied.,0,0.0
2026-09-20,Woodbridge,Ontario,CA,Baseline,0.0,0.0,0.0,No weather hub in marketing snapshot; Baseline applied.,0,0.0
2026-09-20,Woodstock,Ontario,CA,Baseline,0.0,0.0,0.0,No weather hub in marketing snapshot; Baseline applied.,0,0.0
2026-09-20,Wyoming,Ontario,CA,Baseline,0.0,0.0,0.0,No weather hub in marketing snapshot; Baseline applied.,0,0.0
2026-09-20,York,Ontario,CA,Baseline,0.0,0.0,0.0,No weather hub in marketing snapshot; Baseline applied.,0,0.0
2026-09-20,Amos,Quebec,CA,Baseline,0.0,0.0,0.0,No weather hub in marketing snapshot; Baseline applied.,0,0.0
2026-09-20,Beaconsfield,Quebec,CA,Baseline,0.0,0.0,0.0,No weather hub in marketing snapshot; Baseline applied.,0,0.0
2026-09-20,Blainville,Quebec,CA,Baseline,0.0,0.0,4.9,Region CA: Open-Meteo forecast + archive (NWS not used) | Next-24h precip (Open-Meteo 24h model) 0.000 in (umbrella threshold 0.20 in; heavy 0.50 in) | Previous-24h rain (Open-Meteo archive) 0.000 in (residual threshold 0.50 in) | Daily max UV (Open-Meteo) 4.9 (threshold 8) | No marketing threshold met.,0,0.0
2026-09-20,Boucherville,Quebec,CA,Baseline,0.0,0.0,0.0,No weather hub in marketing snapshot; Baseline applied.,0,0.0
2026-09-20,Brossard,Quebec,CA,Baseline,0.016,0.0,4.7,Region CA: Open-Meteo forecast + archive (NWS not used) | Next-24h precip (Open-Meteo 24h model) 0.016 in (umbrella threshold 0.20 in; heavy 0.50 in) | Previous-24h rain (Open-Meteo archive) 0.000 in (residual threshold 0.50 in) | Daily max UV (Open-Meteo) 4.7 (threshold 8) | No marketing threshold met.,0,0.0
2026-09-20,Candiac,Quebec,CA,Baseline,0.0,0.0,0.0,No weather hub in marketing snapshot; Baseline applied.,0,0.0
2026-09-20,Chateauguay,Quebec,CA,Baseline,0.0,0.0,0.0,No weather hub in marketing snapshot; Baseline applied.,0,0.0
2026-09-20,Cote Saint-Luc,Quebec,CA,Baseline,0.0,0.0,0.0,No weather hub in marketing snapshot; Baseline applied.,0,0.0
2026-09-20,Cote-Saint-Luc,Quebec,CA,Baseline,0.0,0.0,4.9,Region CA: Open-Meteo forecast + archive (NWS not used) | Next-24h precip (Open-Meteo 24h model) 0.000 in (umbrella threshold 0.20 in; heavy 0.50 in) | Previous-24h rain (Open-Meteo archive) 0.000 in (residual threshold 0.50 in) | Daily max UV (Open-Meteo) 4.9 (threshold 8) | No marketing threshold met.,0,0.0
2026-09-20,Cowansville,Quebec,CA,Baseline,0.0,0.0,0.0,No weather hub in marketing snapshot; Baseline applied.,0,0.0
2026-09-20,Dollard-Des-Ormeaux,Quebec,CA,Baseline,0.0,0.0,0.0,No weather hub in marketing snapshot; Baseline applied.,0,0.0
2026-09-20,Dorval,Quebec,CA,Baseline,0.0,0.0,4.9,Region CA: Open-Meteo forecast + archive (NWS not used) | Next-24h precip (Open-Meteo 24h model) 0.000 in (umbrella threshold 0.20 in; heavy 0.50 in) | Previous-24h rain (Open-Meteo archive) 0.000 in (residual threshold 0.50 in) | Daily max UV (Open-Meteo) 4.9 (threshold 8) | No marketing threshold met.,0,0.0
2026-09-20,Gatineau,Quebec,CA,Baseline,0.0,0.0,0.0,No weather hub in marketing snapshot; Baseline applied.,0,0.0
2026-09-20,Granby,Quebec,CA,Baseline,0.0,0.0,0.0,No weather hub in marketing snapshot; Baseline applied.,0,0.0
2026-09-20,Greenfield Park,Quebec,CA,Baseline,0.0,0.0,0.0,No weather hub in marketing snapshot; Baseline applied.,0,0.0
2026-09-20,Howick,Quebec,CA,Baseline,0.0,0.0,0.0,No weather hub in marketing snapshot; Baseline applied.,0,0.0
2026-09-20,Hudson,Quebec,CA,Baseline,0.0,0.0,0.0,No weather hub in marketing snapshot; Baseline applied.,0,0.0
2026-09-20,Jonquiere,Quebec,CA,Baseline,0.0,0.0,0.0,No weather hub in marketing snapshot; Baseline applied.,0,0.0
2026-09-20,Kahnawake,Quebec,CA,Baseline,0.0,0.0,0.0,No weather hub in marketing snapshot; Baseline applied.,0,0.0
2026-09-20,Kanesatake,Quebec,CA,Baseline,0.0,0.0,0.0,No weather hub in marketing snapshot; Baseline applied.,0,0.0
2026-09-20,Knowlton,Quebec,CA,Baseline,0.0,0.0,0.0,No weather hub in marketing snapshot; Baseline applied.,0,0.0
2026-09-20,Lachine,Quebec,CA,Baseline,0.0,0.0,0.0,No weather hub in marketing snapshot; Baseline applied.,0,0.0
2026-09-20,Lasalle,Quebec,CA,Baseline,0.0,0.0,0.0,No weather hub in marketing snapshot; Baseline applied.,0,0.0
2026-09-20,Laval,Quebec,CA,Baseline,0.0,0.0,0.0,No weather hub in marketing snapshot; Baseline applied.,0,0.0
2026-09-20,Lery,Quebec,CA,Baseline,0.0,0.0,0.0,No weather hub in marketing snapshot; Baseline applied.,0,0.0
2026-09-20,Levis,Quebec,CA,Baseline,0.0,0.0,0.0,No weather hub in marketing snapshot; Baseline applied.,0,0.0
2026-09-20,Longueuil,Quebec,CA,Baseline,0.0,0.0,0.0,No weather hub in marketing snapshot; Baseline applied.,0,0.0
2026-09-20,Mandeville,Quebec,CA,Baseline,0.0,0.0,0.0,No weather hub in marketing snapshot; Baseline applied.,0,0.0
2026-09-20,Matane,Quebec,CA,Baseline,0.0,0.0,0.0,No weather hub in marketing snapshot; Baseline applied.,0,0.0
2026-09-20,Mirabel,Quebec,CA,Baseline,0.0,0.0,0.0,No weather hub in marketing snapshot; Baseline applied.,0,0.0
2026-09-20,Mont-Royal,Quebec,CA,Baseline,0.0,0.0,0.0,No weather hub in marketing snapshot; Baseline applied.,0,0.0
2026-09-20,Montreal,Quebec,CA,Baseline,0.0,0.0,4.95,Region CA: Open-Meteo forecast + archive (NWS not used) | Next-24h precip (Open-Meteo 24h model) 0.000 in (umbrella threshold 0.20 in; heavy 0.50 in) | Previous-24h rain (Open-Meteo archive) 0.000 in (residual threshold 0.50 in) | Daily max UV (Open-Meteo) 5.0 (threshold 8) | No marketing threshold met.,0,0.0
2026-09-20,Montreal-Nord,Quebec,CA,Baseline,0.0,0.0,0.0,No weather hub in marketing snapshot; Baseline applied.,0,0.0
2026-09-20,Montréal,Quebec,CA,Baseline,0.0,0.0,0.0,No weather hub in marketing snapshot; Baseline applied.,0,0.0
2026-09-20,Outremont,Quebec,CA,Baseline,0.0,0.0,0.0,No weather hub in marketing snapshot; Baseline applied.,0,0.0
2026-09-20,Prevost,Quebec,CA,Baseline,0.0,0.0,0.0,No weather hub in marketing snapshot; Baseline applied.,0,0.0
2026-09-20,Quebec,Quebec,CA,Baseline,0.0,0.0,0.0,No weather hub in marketing snapshot; Baseline applied.,0,0.0
2026-09-20,Rimouski,Quebec,CA,Baseline,0.0,0.0,0.0,No weather hub in marketing snapshot; Baseline applied.,0,0.0
2026-09-20,Saint-Bruno,Quebec,CA,Baseline,0.0,0.0,0.0,No weather hub in marketing snapshot; Baseline applied.,0,0.0
2026-09-20,Saint-Calixte,Quebec,CA,Baseline,0.0,0.0,0.0,No weather hub in marketing snapshot; Baseline applied.,0,0.0
2026-09-20,Saint-Constant,Quebec,CA,Baseline,0.0,0.0,0.0,No weather hub in marketing snapshot; Baseline applied.,0,0.0
2026-09-20,Saint-Esprit,Quebec,CA,Baseline,0.0,0.0,0.0,No weather hub in marketing snapshot; Baseline applied.,0,0.0
2026-09-20,Saint-Gabriel-De-Valcartier,Quebec,CA,Baseline,0.0,0.0,0.0,No weather hub in marketing snapshot; Baseline applied.,0,0.0
2026-09-20,Saint-Hubert,Quebec,CA,Baseline,0.0,0.0,0.0,No weather hub in marketing snapshot; Baseline applied.,0,0.0
2026-09-20,Saint-Jean-Sur-Richelieu,Quebec,CA,Baseline,0.0,0.0,0.0,No weather hub in marketing snapshot; Baseline applied.,0,0.0
2026-09-20,Saint-Joseph-Du-Lac,Quebec,CA,Baseline,0.0,0.0,0.0,No weather hub in marketing snapshot; Baseline applied.,0,0.0
2026-09-20,Saint-Lambert,Quebec,CA,Baseline,0.0,0.0,0.0,No weather hub in marketing snapshot; Baseline applied.,0,0.0
2026-09-20,Saint-Laurent,Quebec,CA,Baseline,0.0,0.0,0.0,No weather hub in marketing snapshot; Baseline applied.,0,0.0
2026-09-20,Saint-Leonard,Quebec,CA,Baseline,0.0,0.0,0.0,No weather hub in marketing snapshot; Baseline applied.,0,0.0
2026-09-20,Saint-Simon-De-Rimouski,Quebec,CA,Baseline,0.0,0.0,0.0,No weather hub in marketing snapshot; Baseline applied.,0,0.0
2026-09-20,Saint-Zotique,Quebec,CA,Baseline,0.0,0.0,0.0,No weather hub in marketing snapshot; Baseline applied.,0,0.0
2026-09-20,Sainte Catherine,Quebec,CA,Baseline,0.0,0.0,0.0,No weather hub in marketing snapshot; Baseline applied.,0,0.0
2026-09-20,Sainte-Agathe-Des-Monts,Quebec,CA,Baseline,0.0,0.0,0.0,No weather hub in marketing snapshot; Baseline applied.,0,0.0
2026-09-20,Sainte-Genevieve,Quebec,CA,Baseline,0.0,0.0,0.0,No weather hub in marketing snapshot; Baseline applied.,0,0.0
2026-09-20,Salaberry-De-Valleyfield,Quebec,CA,Baseline,0.0,0.0,0.0,No weather hub in marketing snapshot; Baseline applied.,0,0.0
2026-09-20,Sherbrooke,Quebec,CA,Baseline,0.0,0.0,0.0,No weather hub in marketing snapshot; Baseline applied.,0,0.0
2026-09-20,St-Amable,Quebec,CA,Baseline,0.0,0.0,0.0,No weather hub in marketing snapshot; Baseline applied.,0,0.0
2026-09-20,St-Eustache,Quebec,CA,Baseline,0.0,0.0,0.0,No weather hub in marketing snapshot; Baseline applied.,0,0.0
2026-09-20,St-Ignace De Stanbridge,Quebec,CA,Baseline,0.0,0.0,0.0,No weather hub in marketing snapshot; Baseline applied.,0,0.0
2026-09-20,St-Jean-Sur-Richelieu,Quebec,CA,Baseline,0.0,0.0,0.0,No weather hub in marketing snapshot; Baseline applied.,0,0.0
2026-09-20,Stoneham-Et-Tewkesbury,Quebec,CA,Baseline,0.0,0.0,0.0,No weather hub in marketing snapshot; Baseline applied.,0,0.0
2026-09-20,Sutton,Quebec,CA,Baseline,0.0,0.0,0.0,No weather hub in marketing snapshot; Baseline applied.,0,0.0
2026-09-20,Vaudreuil-Dorion,Quebec,CA,Baseline,0.0,0.0,0.0,No weather hub in marketing snapshot; Baseline applied.,0,0.0
2026-09-20,Verdun,Quebec,CA,Baseline,0.0,0.0,0.0,No weather hub in marketing snapshot; Baseline applied.,0,0.0
2026-09-20,Westmount,Quebec,CA,Baseline,0.0,0.0,0.0,No weather hub in marketing snapshot; Baseline applied.,0,0.0
2026-09-20,Regina,Saskatchewan,CA,Baseline,0.0,0.0,4.1,Region CA: Open-Meteo forecast + archive (NWS not used) | Next-24h precip (Open-Meteo 24h model) 0.000 in (umbrella threshold 0.20 in; heavy 0.50 in) | Previous-24h rain (Open-Meteo archive) 0.000 in (residual threshold 0.50 in) | Daily max UV (Open-Meteo) 4.1 (threshold 8) | No marketing threshold met.,0,0.0
2026-09-20,Saskatoon,Saskatchewan,CA,Baseline,0.0,0.0,4.4,Region CA: Open-Meteo forecast + archive (NWS not used) | Next-24h precip (Open-Meteo 24h model) 0.000 in (umbrella threshold 0.20 in; heavy 0.50 in) | Previous-24h rain (Open-Meteo archive) 0.000 in (residual threshold 0.50 in) | Daily max UV (Open-Meteo) 4.4 (threshold 8) | No marketing threshold met.,0,0.0
2026-09-20,Yellow Grass,Saskatchewan,CA,Baseline,0.0,0.0,4.2,Region CA: Open-Meteo forecast + archive (NWS not used) | Next-24h precip (Open-Meteo 24h model) 0.000 in (umbrella threshold 0.20 in; heavy 0.50 in) | Previous-24h rain (Open-Meteo archive) 0.000 in (residual threshold 0.50 in) | Daily max UV (Open-Meteo) 4.2 (threshold 8) | No marketing threshold met.,0,0.0
